tag_id,tag_name
0,-
1,--1-
2,--10-
3,--12-
4,--122-
5,--166-
6,--17-
7,--19-
8,--2-
9,--258-
10,--3-
11,--33-
12,--4-
13,--5-
14,--51-
15,--6-
16,--62-
17,--8-
18,--99-
19,--available-at-raspberrys--
20,-2001--
21,-calif--
22,-d-c--
23,-dean
24,-england-
25,-fiction
26,-fictional
27,-fictitious
28,-football-
29,-george
30,-gr-
31,-history
32,-imaginary
33,-italy-
34,-la--
35,-los
36,-mass--
37,-murder-
38,-n-y--
39,-non-poetry-
40,-performing
41,-post
42,-psychology-
43,-read
44,-single
45,-specific
46,-television
47,0
48,0-0-0-0cant-find
49,0-0-bingo
50,0-4-star-rating
51,0-a-find-2016-summer-00
52,0-all2
53,0-best-picture-younger
54,0-boxed
55,0-c
56,0-eric-s-books
57,0-house-lbkc
58,0-kindle
59,0-love-funny
60,0-made-me-cry-moved-me
61,0-nonfiction
62,0-owned
63,0-paperback
64,0-pgs-200-to-299
65,0-physical-own
66,0-plays
67,0-plc
68,0-tbr-axz-usa
69,00-exploring-1
70,00-graphic-novels-read
71,00-in-class
72,00-to-read-00
73,00-to-read-02
74,0000
75,0000-to-buy
76,00000
77,0000_notverified
78,000src-su-25-11-3-x
79,000src-w-15-01-i-me-mine
80,001-150-pages
81,001-ebook
82,002-read-cookbook
83,002-une-bonne-selection
84,007
85,008-strategy
86,01
87,01-alphabet-authors
88,01-distopias
89,01-ecookbooks
90,01-folklore
91,01-irl-bookshelf-comics
92,01-mine
93,01-words
94,016-sam-j-miller
95,01_best-books
96,02-500-750
97,02-black-exp
98,02-fantasy
99,02-folklore
100,02-to-read-speculative-fiction
101,02-words-sb
102,0201-0300-pages
103,029-نجيب-محفوظ
104,03-20thcentury-american-lit
105,03-classic-fairy
106,03-classic-fairy-tales
107,03-informational
108,03-sami-lukematta
109,03-star
110,03-words-sc
111,04-babies-and-toddlers
112,04-caldecott
113,04-easy-to-read-books
114,04-preschoolers
115,04-realistic-fiction
116,04-star
117,04-stars
118,0471239720
119,05-high-fantasy
120,05ip9hg
121,06-not-my-kind-of-book
122,06-traditional
123,07-hist-fiction
124,07-modern-fantasy
125,07-まんが-ほか
126,08-childhood-ya
127,08-realistic-fiction
128,08-words-ns
129,0fiction-incomplete-series
130,0nonfiction
131,0want-it
132,0wn
133,0wned
134,1
135,1-0-1-9
136,1-000-books-before-kindergarten
137,1-1
138,1-10
139,1-12
140,1-2
141,1-4
142,1-5-stars-all-genres
143,1-ab-a-a-bookcount-5
144,1-and-2-stars
145,1-art-modern
146,1-at-school
147,1-ax-a-a-bookscouter-1
148,1-b
149,1-books-i-own
150,1-bx-libraries
151,1-children-ya
152,1-chronicles
153,1-classic-literature
154,1-favorites
155,1-fiction
156,1-gen-lit
157,1-have
158,1-in-3
159,1-in-series
160,1-jordan-peterson
161,1-kindle
162,1-ladies-detective-agency
163,1-ladys-detective-agency
164,1-lifestyle
165,1-manga-manhwa-manhua-series-done
166,1-my-ex-collection
167,1-my-extra-longlist
168,1-novellas-short-stories-essays
169,1-of-best-books-ever
170,1-of-trilogy
171,1-own
172,1-owned
173,1-owned-books
174,1-owning
175,1-read-bookshelf
176,1-read-duplicate
177,1-star
178,1-stars
179,1-stephen-king
180,1-the-best-to-read
181,1-to-buy
182,1-to-read-crime
183,1-to-sort
184,1-year-52-plays
185,1-year-challenge
186,10
187,10-aussie-books-to-read-before-you
188,10-next
189,10-words-ns
190,100
191,100-best-books
192,100-best-books-of-all-time
193,100-best-books-of-all-time-the-worl
194,100-best-business-books
195,100-best-novels
196,100-best-novels-list
197,100-best-novels-modern-library
198,100-book-challenge
199,100-books
200,100-books-bbc
201,100-books-every-man-should-read
202,100-books-i-own-for-2017
203,100-books-that-define-the-00-s
204,100-books-to-read
205,100-books-to-read-before-you-die
206,100-books-to-read-in-a-lifetime
207,100-books-to-read-my-version
208,100-bullets
209,100-children-s-books
210,100-essential-novels
211,100-essential-novels-poster
212,100-fiction
213,100-greatest
214,100-greatest-books-ever-written
215,100-greatest-novels
216,100-in-100-list
217,100-modern-library
218,100-must-read-books
219,100-must-read-books-the-essential
220,100-novels-everyone-should-read
221,100-recommended
222,100-year-war
223,100-years-war
224,1000
225,1000-book-before-kindergarten
226,1000-book-goal
227,1000-books
228,1000-books-before-kindergarten
229,1000-books-to-read-before-you-die
230,1000-by-k
231,1000-good-books-1-3
232,1000-harry
233,1000-novels
234,1000-plus-pages
235,1000s-1300s
236,1001
237,1001-before-you-die
238,1001-book
239,1001-book-list
240,1001-books
241,1001-books-2006
242,1001-books-before-die
243,1001-books-before-you-die
244,1001-books-challenge
245,1001-books-i-have-read
246,1001-books-list
247,1001-books-read
248,1001-books-to-read
249,1001-books-to-read-before-adult
250,1001-books-to-read-before-i-die
251,1001-books-to-read-before-you-die
252,1001-books-you-must-read
253,1001-books-you-must-read-b4-you-die
254,1001-books-you-must-read-before-you
255,1001-bymrbyd
256,1001-challenge
257,1001-children-s-books
258,1001-children-s-books-you-must-read
259,1001-childrens-books
260,1001-comics
261,1001-import
262,1001-kids-5plus
263,1001-kids-8plus
264,1001-kids-books
265,1001-libri
266,1001-libri-da-leggere
267,1001-list
268,1001-must-read
269,1001-must-read-books
270,1001-must-reads
271,1001-read
272,1001-to-read
273,1001-to-read-before-you-die
274,1001-unread
275,1001books
276,1009
277,101-bibles-tools
278,101-books-that-you-must-read-before
279,101-books-to-read-before-you-die
280,101-à-lire-dans-sa-vie
281,101st-airborne
282,102-miscellaneous
283,10th-century
284,10th-grade
285,10th-grade-advisory
286,10th-grade-books
287,10th-grade-reading
288,11
289,11-birthdays
290,11-disabilities
291,11-in-class
292,11-november-2014-15-16
293,110
294,1100s
295,111
296,1111
297,11th-century
298,11th-grade
299,11th-grade-advisory
300,12
301,12-dancing-princesses
302,12-in-series
303,12-religious
304,12017
305,123
306,123-zzz
307,12th-century
308,12th-grade
309,12th-grade-books
310,12th-grade-reading
311,13
312,13-16
313,13-25
314,13-gifts
315,13-in-series
316,1395
317,13th-century
318,14
319,14-in-series
320,1400s
321,140924-150913-r351
322,1421
323,1421-1737
324,1438-2016
325,1452-1519
326,14th
327,14th-century
328,14艺术美学
329,15-16-school-year
330,15-in-series
331,15-with-subtitle
332,15-words-ns
333,150-best
334,1500s
335,150321-160409-r
336,1507-office
337,1537-1553
338,1543
339,1564-1616
340,158-1
341,15th-century
342,16
343,1600
344,1600s
345,1643-1715
346,1660s
347,1665-harvard-grad
348,16th-18th-century
349,16th-c
350,16th-century
351,16th-century-setting
352,17
353,17-children-s-book
354,17-cottonwood-corner
355,17-in-series
356,1700s
357,1702-1714
358,1775-1783
359,1775-1800
360,1776
361,1790s
362,17th-century
363,17th-century-england
364,17th-century-germany
365,18
366,18-books-every-white-ally-should-re
367,18-creativity
368,1800
369,1800-1900
370,1800-s-massachusetts
371,1800s
372,1812-1870
373,1820s
374,1830s
375,1840s
376,1844-1900
377,1850-s
378,1850s
379,1851-1900
380,1854
381,1860s
382,1863
383,187
384,1870s
385,1871-1945
386,1880s
387,1883-1924
388,1888-1955
389,1890s
390,18th
391,18th-c
392,18th-century
393,18th-century-japan
394,18th-century-literature
395,19
396,19-in-alex-cross-series
397,1900
398,1900-s
399,1900-storm
400,1900s
401,1900s-farm-life
402,1904
403,1907-sahin-library-Şahİn-kİtapliĞi
404,1908
405,1910s
406,1914
407,1914-1918
408,1915
409,1919
410,1920-
411,1920-1930
412,1920-30-s-british-period-mystery
413,1920-s
414,1920s
415,1920s-1930s
416,1930-1939
417,1930-s
418,1930-s-depression-era
419,1930-s-great-depression
420,1930s
421,1932
422,1933-and-present-time
423,1934
424,1938-hurricane
425,1939
426,1939-1945
427,1940-1945
428,1940-1949
429,1940-to-1949
430,1940s
431,1940s-britain
432,1942
433,1945
434,1945-
435,1946
436,1946-
437,1948
438,1948-
439,1950-s
440,1950-s-1960-s-childhood
441,1950-s-english-village-life
442,1950s
443,1950s-america
444,1953-2004
445,1958
446,1958-
447,1959
448,1960-1969
449,1960-s
450,1960s
451,1960s-counterculture
452,1960s-women-s-status
453,1961-1974
454,1961-1975
455,1963
456,1966
457,1969-1974
458,1970
459,1970-1979
460,1970-s
461,1970s
462,1971
463,1974
464,1975
465,1975-1979
466,1976
467,1977
468,1978
469,1979
470,1980
471,1980-1989
472,1980-s
473,1980s
474,1981
475,1982
476,1983
477,1983-2005
478,1984
479,1985
480,1986
481,1987
482,1988
483,1989
484,1990
485,1990-1999
486,1990-s-books
487,1990s
488,1991
489,1992
490,1992-1993
491,1992-riots-in-l-a
492,1993
493,1993-2001
494,1994
495,1994-read-books
496,1995
497,1995-read-books
498,1996
499,1997
500,1998
501,1998-modern-library-100-best
502,1998-read-books
503,1999
504,1999-and-before
505,1999-books
506,19th
507,19th-c
508,19th-c-philosophy
509,19th-century
510,19th-century-american
511,19th-century-americans-in-paris
512,19th-century-british
513,19th-century-british-literature
514,19th-century-china
515,19th-century-classics
516,19th-century-england
517,19th-century-fairy-tales
518,19th-century-fiction
519,19th-century-french-literature
520,19th-century-history
521,19th-century-lit
522,19th-century-literature
523,1a-toppicks-own
524,1ab-bookcount-5
525,1ax-sorting-7-case-7b
526,1b-wantdigital
527,1e-toppicks
528,1k-books-before-kindergarten
529,1kbbk
530,1kindle-available
531,1non-fiction
532,1overdrive
533,1postwar379404nf-other
534,1q84
535,1rhave
536,1st
537,1st-batch
538,1st-book-of-series
539,1st-books-or-main-shelf
540,1st-century-bc
541,1st-day-of-school
542,1st-edition
543,1st-grade
544,1st-half-of-the-20th-century
545,1st-in-a-new-trilogy-about-eve-dunc
546,1st-in-a-series
547,1st-in-series
548,1st-joe-pickett
549,1st-of-series
550,1st-person-perspective
551,1st-quarter
552,1st-sheriff-walt-longmire
553,1st-term
554,1st-term-reading
555,1st-trimester
556,1st-up
557,1to-read-to-buy
558,1y-prayer
559,1نجوم
560,2
561,2-0
562,2-1-0-e-book
563,2-5-oitnb-challenge
564,2-5-stars
565,2-business
566,2-copies
567,2-deadly-wonders-series
568,2-háló-nagy
569,2-in-series
570,2-nah
571,2-non-fiction
572,2-read-in-highschool
573,2-read-owned
574,2-star
575,2-stars
576,2-states
577,2-very-interested
578,2-years-old
579,2-ضباط
580,20
581,20-book-challenge
582,20-books-to-read-in-your-20-s
583,20-books-to-read-in-your-20s
584,20-in-series
585,20-mile-march
586,20-prey-series
587,20-s
588,20-somethings
589,20-year-old-murder
590,200
591,200-300pgs
592,200-books-to-read-in-your-lifetime
593,200-pages-or-under
594,200-religion
595,200-to-300
596,200-to-300-pages
597,2000
598,2000-2009
599,2000-2010
600,2000-2012
601,2000-2016
602,2000-s
603,2000s
604,2000s-books
605,2001
606,2001-
607,2001-2009
608,2002
609,2003
610,2003-2013
611,2004
612,2004-books
613,2004-read-books
614,2004-wlt-gift
615,2005
616,2005-reads
617,2006
618,2006-2009
619,2006-2010
620,2006-2011-release
621,2006-books
622,2006-reads
623,2007-2009
624,2007-reads
625,2008-2009
626,2008-2010
627,2008-before_add
628,2008-book-challenge
629,2008-books
630,2008-broadened-horizons
631,2008-down-releases
632,2008-presidential-campaign
633,2008-read
634,2008-reads
635,2008-us-presidential-campaign
636,2008q1
637,2009-book-challenge
638,2009-book-list
639,2009-books
640,2009-national-book-award
641,2009-q1
642,2009-read
643,2009-reads
644,2009-wlt-gift
645,2009q2
646,2010-100
647,2010-2011
648,2010-2015
649,2010-and-earlier
650,2010-book-challenge
651,2010-book-list
652,2010-books
653,2010-books-read
654,2010-earlier
655,2010-morrison-library-sale
656,2010-newbery-award
657,2010-read
658,2010-reading-list
659,2010-reads
660,2010-release
661,2010s
662,2011-2012
663,2011-2014
664,2011-alex-award-winner
665,2011-and-before
666,2011-and-earlier
667,2011-books
668,2011-books-read
669,2011-newbery-winner
670,2011-read
671,2011-reads
672,2011-release
673,2011-releases
674,2012-2013
675,2012-2013-book-club
676,2012-2013-first-marking-quarter
677,2012-2013-fourth-marking-quarter
678,2012-2013-school-year
679,2012-2013-second-marking-quarter
680,2012-2013-third-marking-quarter
681,2012-40-book-challenge
682,2012-and-before
683,2012-and-earlier
684,2012-book-challenge
685,2012-book-list
686,2012-books
687,2012-books-read
688,2012-challenge
689,2012-cover-to-cover
690,2012-dac
691,2012-debut-author-challenge
692,2012-forty-book-challenge
693,2012-publication
694,2012-read
695,2012-reading-challenge
696,2012-reading-list
697,2012-readings
698,2012-reads
699,2012-release
700,2012-releases
701,2012-tournament-of-books
702,2012-عربي
703,2013-14
704,2013-2012
705,2013-2014
706,2013-all
707,2013-and-before
708,2013-and-earlier
709,2013-book-challenge
710,2013-book-list
711,2013-books
712,2013-books-read
713,2013-challenge
714,2013-debut-author-challenge
715,2013-favorites
716,2013-hub-reading-challenge
717,2013-publication
718,2013-read
719,2013-reading-challenge
720,2013-reading-list
721,2013-readings
722,2013-reads
723,2013-release
724,2013-releases
725,2013-third-marking-quarter
726,2013-tob
727,2013-tournament-of-books
728,2014-2
729,2014-2015
730,2014-2015-school-year
731,2014-2016
732,2014-and-before
733,2014-book-challenge
734,2014-book-list
735,2014-booker-longlist
736,2014-books
737,2014-books-completed
738,2014-books-read
739,2014-caudill
740,2014-challenge
741,2014-favorites
742,2014-favourites
743,2014-finished-reading
744,2014-man-booker
745,2014-movies
746,2014-publication
747,2014-read
748,2014-read-books
749,2014-reading-challenge
750,2014-reading-list
751,2014-reads
752,2014-release
753,2014-releases
754,2014-to-read
755,2014-tob
756,2014-top-20
757,2014-tournament-of-books
758,2014-will-robbie-series-3
759,2014-wom-flipping-the-pages
760,2015-2
761,2015-2016
762,2015-2016-school-year
763,2015-all-tr177
764,2015-and-before
765,2015-book-challenge
766,2015-books
767,2015-books-read
768,2015-books-to-read
769,2015-caudills
770,2015-challenge
771,2015-challenge-books
772,2015-children-s-literature-2360
773,2015-en-eerder-gelezen
774,2015-favorites
775,2015-jack-reacher-20
776,2015-list
777,2015-onwards
778,2015-or-before
779,2015-publication
780,2015-read
781,2015-reading-challenge
782,2015-reading-list
783,2015-reads
784,2015-release
785,2015-releases
786,2015-rmangas-comics
787,2015-s-readings
788,2015-summer-reading-list
789,2015-this-is-now
790,2015-to-read
791,2015-tob
792,2015-tournament-of-books
793,2016-2017
794,2016-2017-school-year
795,2016-52-in-52
796,2016-60-books
797,2016-and-before-read-that-i-own
798,2016-audiobooks
799,2016-book-challenge
800,2016-book-club
801,2016-book-hauls
802,2016-book-list
803,2016-book-riot-challenge
804,2016-booker-longlist
805,2016-books
806,2016-books-i-have-read
807,2016-books-read
808,2016-botb
809,2016-challenge
810,2016-comics
811,2016-completed
812,2016-end-of-year-challenge
813,2016-favorites
814,2016-favourites
815,2016-favs
816,2016-hub-challenge
817,2016-hub-reading-challenge
818,2016-list
819,2016-movies
820,2016-nora
821,2016-old-book
822,2016-publication
823,2016-read
824,2016-read-harder
825,2016-read-harder-challenge
826,2016-reading
827,2016-reading-adventure
828,2016-reading-chalange
829,2016-reading-challenge
830,2016-reading-list
831,2016-reads
832,2016-release
833,2016-releases
834,2016-santiago-read
835,2016-tbr
836,2016-to-read
837,2016-tob
838,2016-tournament-of-books
839,2016-vt-reading-challenge
840,2016-weg
841,2016-yard-sale
842,2016_challenge
843,2017-2
844,2017-a-z-challenge-friend-f
845,2017-audio
846,2017-audio-pdf
847,2017-audio-read
848,2017-audiobooks
849,2017-bbw-dec
850,2017-best-of
851,2017-birthday-shelf
852,2017-book-challenge
853,2017-book-list
854,2017-book-riot-read-harder-challeng
855,2017-books
856,2017-books-i-read-for-a-challenge-c
857,2017-books-read
858,2017-books-to-read
859,2017-caudill
860,2017-challenge
861,2017-chunkster-challenge
862,2017-comics
863,2017-favorites
864,2017-fiction
865,2017-final
866,2017-goal
867,2017-goals
868,2017-goodreads-challenge
869,2017-keepers
870,2017-ku-read
871,2017-list
872,2017-log
873,2017-manga
874,2017-may-library-book-sale
875,2017-movies
876,2017-must-read
877,2017-need-to-buy
878,2017-new-age
879,2017-nora
880,2017-plan
881,2017-popsugar-challenge
882,2017-popsugar-rc
883,2017-popsugar-reading-challenge
884,2017-possible-books
885,2017-potentials
886,2017-publication
887,2017-re-read
888,2017-read
889,2017-read-books
890,2017-read-harder-challenge
891,2017-read-women
892,2017-reading
893,2017-reading-challenge
894,2017-reading-list
895,2017-reads
896,2017-release
897,2017-releases
898,2017-reread
899,2017-shelf
900,2017-summer-reading-list
901,2017-tbr
902,2017-to-read
903,2017-to-read-list
904,2017-tob
905,2017-tournament-of-books
906,2017-want-to-reads
907,2017_august_horror
908,2017_horror
909,2017_horror_tbr_challenge
910,2017_mount-tbr
911,2017_reads
912,2017bookshelf
913,2017challenge
914,2017queue
915,2018
916,2018-lineup
917,2018-reads
918,2020
919,20s
920,20th
921,20th-am
922,20th-c
923,20th-century
924,20th-century-90s
925,20th-century-america
926,20th-century-american
927,20th-century-american-fiction
928,20th-century-classics
929,20th-century-drama
930,20th-century-fiction
931,20th-century-history
932,20th-century-lit
933,20th-century-literature
934,20th-century-post-ww2
935,21
936,21-26-the-blue-hour
937,21-books-every-woman-should-read
938,21-in-series
939,21e
940,21st
941,21st-century
942,21st-century-australian-literature
943,21st-century-fiction
944,21st-century-lit
945,21st-century-skills
946,21st-century_onward
947,21th-century
948,22
949,22-in-series
950,22-modern-fantasy
951,221b
952,23
953,23-in-series
954,23-writing
955,24
956,25-books-for-success
957,25-books-to-read-before-you-die
958,28
959,28-books-that-changed-your-life
960,28-حرف
961,2b-referenced
962,2f
963,2fiction
964,2gm
965,2nc
966,2nd-6th
967,2nd-century
968,2nd-chance
969,2nd-grade
970,2nd-person
971,2nd-quarter
972,2nd-semester
973,2nd-sequal-to-hatchet
974,2nd-sheriff-walt-longmire
975,2nd-to-7th-book-of-series
976,2nd-trimester
977,2nd-world-war
978,2o17-reading-list
979,2read-graphic-novels
980,2states
981,2ضباط
982,3
983,3-5
984,3-5-rating
985,3-5th-grade
986,3-bookcount-5
987,3-considering
988,3-considering-own
989,3-deadly-wonders-series
990,3-fiction
991,3-food-healthy-life
992,3-good
993,3-i-have-not-read
994,3-in-series
995,3-kindle
996,3-lang-english
997,3-less-star
998,3-mistake
999,3-mistakes
1000,3-mystery-thrillers
1001,3-poetry
1002,3-read-fiction
1003,3-short-stories
1004,3-sigma-force-series
1005,3-sisters-ranch-barrel-racing
1006,3-sports
1007,3-star
1008,3-star-books
1009,3-star-shelf
1010,3-stars
1011,3-stars-we-can-be-friends
1012,3-to-read-low
1013,3-نجوم
1014,30-before-30
1015,30-book-campaign-7th-grade
1016,30-book-goal
1017,30-books-every-man-should-read-by-3
1018,30-books-to-read-before-30
1019,30-days-of-night
1020,300
1021,300-400
1022,300-400-pages
1023,300-sciences
1024,300-to-400
1025,3000-books-before-kindergarten
1026,311
1027,311-books
1028,32-books-that-will-actually-change
1029,32-books-that-will-change-your-life
1030,325
1031,33
1032,33-before-30
1033,33-keepers
1034,338-7
1035,33sow-extras
1036,350-p
1037,37signals
1038,39
1039,39-clues
1040,39-clues-cahills-vs-vespers
1041,39-clues-series
1042,39clues
1043,3a
1044,3a-theory-culture
1045,3araby
1046,3e-art
1047,3m-checked-2015
1048,3rd-grade
1049,3rd-grade-books
1050,3rd-grade-classroom
1051,3rd-kindle
1052,3rd-quarter
1053,3rd-robert-langdon-adventure
1054,3rd-trimester
1055,3rd-year-uni
1056,4
1057,4-5
1058,4-5-or-better
1059,4-5-star
1060,4-5-stars
1061,4-6
1062,4-6-mensa-list
1063,4-and-5-star-books
1064,4-and-up
1065,4-art-photograph
1066,4-enough
1067,4-graphic-novels
1068,4-hardback
1069,4-in-series
1070,4-lib
1071,4-na
1072,4-novel
1073,4-or-5-stars
1074,4-paperback
1075,4-sigma-force-series
1076,4-star
1077,4-star-books
1078,4-stars
1079,4-stars-and-up
1080,4-stars-loved-it
1081,4-to-5-rating
1082,4-women-intertwined-stories
1083,40-40
1084,40-before-40
1085,40-book-challange
1086,40-book-challenge
1087,40-books-before-40
1088,40-books-to-read-before-turning-40
1089,40-to-read-before-40
1090,40-trashy-novels
1091,400-to-500
1092,4000-books
1093,40book-chalange
1094,40k
1095,44
1096,44-scotland-street
1097,44-scotland-street-series
1098,4701-west-grace
1099,48
1100,48-days-to-the-work-you-love
1101,49-45
1102,4hww
1103,4th
1104,4th-century
1105,4th-grade
1106,4th-grade-books
1107,4th-in-series
1108,4th-period-english
1109,4th-quarter
1110,5
1111,5-10-dollars
1112,5-5-5-ar-level
1113,5-8
1114,5-cm
1115,5-cookbooks
1116,5-fifth-priority
1117,5-in-series
1118,5-poetry
1119,5-sigma-force-series
1120,5-star
1121,5-star-books
1122,5-star-comics
1123,5-star-favorites
1124,5-star-fiction
1125,5-star-hall-of-fame
1126,5-star-reads
1127,5-star-shelf
1128,5-stars
1129,5-stars-as-of-2017
1130,5-thriller
1131,50
1132,50-biznes
1133,50-book-challenge
1134,50-books-50-states
1135,50-books-to-read
1136,50-books-to-read-before-i-die
1137,50-books-to-read-before-you-die
1138,50-essential-cult-novels
1139,50-fantasy
1140,50-in-2015
1141,50-pages
1142,50-plays
1143,50-shades
1144,50-shades-of-grey
1145,50-states
1146,500-1500-medieval
1147,500-essential-cult-books
1148,500-to-600
1149,500-women
1150,5000
1151,501
1152,501-must-read
1153,501-must-read-books
1154,501-must-reads
1155,51-books
1156,52-2012
1157,52-books
1158,52-in-2015
1159,52-non-fiction
1160,520-traditional-lit
1161,520traditionallit
1162,52in52
1163,52in52-2016
1164,52in52-round-2-2018
1165,53-books-you-won-t-be-able-to-put-d
1166,5360-summer-12
1167,55
1168,58-51
1169,5ara
1170,5b
1171,5cm
1172,5th
1173,5th-grade
1174,5th-grade-reading-list
1175,5th-graders
1176,5th-in-series
1177,5thsummerreading
1178,6
1179,6-in-series
1180,6-nonfiction-for-2018
1181,6-star-books
1182,6-stars
1183,6-travel-fiction-series
1184,60-s
1185,600-wales
1186,600s
1187,60_per_2017
1188,60s
1189,60s-decade
1190,616
1191,645-library-materials-for-children
1192,65-books
1193,65-books-for-your-20s
1194,65-books-to-read-in-your-20-s
1195,65-books-to-read-in-your-20s
1196,65-books-you-need-to-read-in-your-2
1197,658-0
1198,658-4
1199,66-no-longer-own
1200,6th-grade
1201,6th-grade-books
1202,6th-grade-q1
1203,6th-grade-q2
1204,6th-grade-reading-challenge
1205,6th-grade-shelf
1206,6th-grader-books
1207,7
1208,7-10-year-olds
1209,7-9
1210,7-9-
1211,7-art
1212,7-habits
1213,7-in-series
1214,7-nonfiction-reference
1215,7-not-intrested
1216,70-a-d
1217,70-s
1218,70-spy-thriller
1219,700-own
1220,700s
1221,70s
1222,75-best-books-of-the-past-75-years
1223,759-5
1224,7th
1225,7th-grade
1226,7th-grade-books
1227,7th-grade-novels
1228,7th-grade-reading-list
1229,7th-grade-shelf
1230,8
1231,8-5
1232,8-in-series
1233,8-kindle
1234,800
1235,800-201100
1236,800-literature
1237,800-poetry
1238,80s
1239,813-5
1240,82-93-children-juvenile-literature
1241,822-british-literature-drama
1242,8th-floor-library
1243,8th-grade
1244,8th-grade-books
1245,8th-grade-semester-2
1246,8th-in-series
1247,9
1248,9-11
1249,9-11-series
1250,9-12
1251,9-12-and-teen
1252,9-learn-great-acting
1253,9-sort
1254,9-stephen-king-green-mile
1255,90-minutes-in-heaven
1256,900-history-03-1600-1850
1257,900s
1258,90s
1259,911
1260,973-3
1261,973-7
1262,998
1263,9m
1264,9th-century
1265,9th-grade
1266,9th-grade-advisory
1267,9th-grade-reading-list
1268,_
1269,_3-4-class-library
1270,__art
1271,_audiobooks
1272,_comics
1273,_d
1274,_essuy
1275,_findinlibrary
1276,_kindle
1277,_leisure-non-fiction
1278,_library_donations_
1279,_libraryfind
1280,_miscor2do
1281,_non-series-04-06
1282,_own-hard
1283,_owned
1284,_owned-books
1285,_poetry
1286,_queued
1287,_read-unsorted
1288,_sachbücher
1289,_star-wars
1290,_usa
1291,a
1292,a-5-star-rating
1293,a-a-fiction
1294,a-a-milne
1295,a-amsterdam
1296,a-bad-case-of-stripes
1297,a-baker-s-education
1298,a-beautiful-dark
1299,a-book-read-00-to-04
1300,a-book-read-05-to-09
1301,a-book-read-75-to-79
1302,a-book-read-95-to-99
1303,a-child-called-it
1304,a-christie
1305,a-corner-of-the-universe
1306,a-course-in-miracles
1307,a-court-of-thorns-and-roses
1308,a-cry-in-the-night
1309,a-d
1310,a-dean-koontz-comp
1311,a-dog-s-life
1312,a-dogs-life
1313,a-dropbox
1314,a-e-book
1315,a-fantasy
1316,a-fave
1317,a-feast-for-the-senses
1318,a-fiction
1319,a-fuadi
1320,a-fun-and-enjoyable-series
1321,a-g-howard
1322,a-g-riddle
1323,a-galaxy-far-far-away
1324,a-game-of-thrones
1325,a-gift
1326,a-girl-detective
1327,a-good-story-about-inhabitants-of-d
1328,a-great-book-that-will-surely-make
1329,a-gregory-maguire
1330,a-have
1331,a-historical-novel-about-building-t
1332,a-j-banner
1333,a-j-jacobs
1334,a-kh-tawfik
1335,a-kindle
1336,a-kindle-owned-book
1337,a-kitchen
1338,a-l-jackson
1339,a-little-golden-book
1340,a-long-time-ago
1341,a-long-walk-to-water
1342,a-louise-l-hay
1343,a-love-story
1344,a-m-homes
1345,a-male-fiction
1346,a-man-named-dave
1347,a-manette-ansay
1348,a-mango-shaped-space
1349,a-mano
1350,a-mccall-smith
1351,a-meredith-walters
1352,a-modern-witch-series
1353,a-must-for-beatle-fans
1354,a-must-read
1355,a-n-roquelaure
1356,a-novel-in-short-stories
1357,a-own
1358,a-p
1359,a-p-j-abdul-kalam
1360,a-part-shelved
1361,a-piece-of-me
1362,a-r-t-about-many
1363,a-real-hero-and-a-real-human-bean
1364,a-robert-jordan
1365,a-s-byatt
1366,a-scarpetta-novel
1367,a-school-for-villains
1368,a-scify
1369,a-search-for-peace
1370,a-sequel-to-kane-and-abel-shows-woe
1371,a-series-of-unfortunate-events
1372,a-shade-of-vampire
1373,a-shade-of-vampire-series
1374,a-shaw
1375,a-shaw-series
1376,a-song-of-fire-and-ice
1377,a-song-of-ice-and-fire
1378,a-spiritual-path
1379,a-spirtitual
1380,a-stolen-life
1381,a-tale-dark-and-grimm
1382,a-thriller-serial-killer
1383,a-true-story-very-inspirational
1384,a-w-tozer
1385,a-wicked-saga
1386,a-woman-after-god-s-own-heart
1387,a-woman-after-gods-own-heart
1388,a-wonderfully-written-rags-to-riche
1389,a-year-of-books
1390,a-year-of-books-2015
1391,a-year-of-reading-the-world
1392,a-z-challenge
1393,a1
1394,a1-shelved
1395,a2
1396,a5
1397,a7lam
1398,a_2017
1399,a_fiction
1400,aa
1401,aa-fiction
1402,aa-have-no-copy
1403,aa-holmes-collection
1404,aa-romance
1405,aaa
1406,aaa_read_basketball
1407,aaf
1408,aang
1409,aar-top-100
1410,aaron-s-shelf
1411,ab
1412,ab-better-cover-1-maybe
1413,abandon
1414,abandon-trilogy
1415,abandonados
1416,abandoned
1417,abandoned-baby
1418,abandoned-books
1419,abandoned-child
1420,abandoned-children
1421,abandoned-for-now
1422,abandoned-in-2016
1423,abandoned-in-2017
1424,abandoned-oil-rigs
1425,abandoned-pre-2010
1426,abandoned-series
1427,abandonment
1428,abandonment-by-father
1429,abandonned
1430,abarat
1431,abas
1432,abbe-faria
1433,abbey
1434,abbi-glines
1435,abbi-glines-books
1436,abbi-glines-sea-breeze
1437,abbott-rachel
1438,abbys-shelf
1439,abc
1440,abc-book
1441,abc-books
1442,abc-s
1443,abcs
1444,abduction
1445,abduction-lisa-gardner-mystery-susp
1446,abductions
1447,abdul-kalam
1448,abe-lincoln
1449,abenteuer
1450,abercrombie
1451,abercrombie-joe
1452,abgebrochen
1453,abhilash
1454,abhorsen
1455,abigail
1456,abigail-and-me
1457,abilities
1458,ability
1459,abk
1460,abnkkbsnplako
1461,abnormal-psychology
1462,abolition
1463,abolitionism
1464,abolitionist
1465,abolitionist-john-brown
1466,aboriginal
1467,aboriginal-people
1468,aborigines
1469,abortion
1470,about-art
1471,about-books
1472,about-dogs
1473,about-food
1474,about-france
1475,about-to-read
1476,about-to-read-mystery-thriller
1477,about-writing
1478,about-wwi
1479,about_life
1480,abraham
1481,abraham-hicks
1482,abraham-lincoln
1483,abraham-verghese
1484,abram-s-daughters
1485,abrams-daughters
1486,abridged
1487,absolute-boyfriend
1488,absolute-faves
1489,absolute-favorites
1490,absolute-favourites
1491,absolutely
1492,absolutely-loved
1493,abstinence
1494,absurd
1495,absurdism
1496,absurdist
1497,abu-nidal-s-children-running-terror
1498,abundance
1499,abuse
1500,abused
1501,abused-hero
1502,abused-heroine
1503,abused-women
1504,abusive-childhood
1505,abusive-husbands
1506,abusive-relationship
1507,abusive-relationships
1508,abyssal
1509,ac
1510,academia
1511,academic
1512,academic-non-fiction
1513,academic-novels
1514,academic-satire
1515,academy
1516,acadian
1517,acceptable-fiction
1518,acceptance
1519,accident
1520,accidental-pregnancy
1521,accidents
1522,accordance
1523,accounting
1524,accounts-of-expatriate-family-life
1525,ace
1526,achak
1527,acheron
1528,achievement
1529,aching
1530,acid-mindtrip
1531,acim
1532,acpl-read
1533,acquaintance-rape
1534,acquired
1535,across-the-universe
1536,act-like-a-lady
1537,act-like-a-lady-think-like-a-man
1538,acting
1539,acting-plays
1540,action
1541,action-
1542,action-adventure
1543,action-adventure-thriller
1544,action-and-adventure
1545,action-and-suspense
1546,action-fiction
1547,action-manga
1548,action-mystery
1549,action-packed
1550,action-packed-fantasty
1551,action-romance
1552,action-suspense
1553,action-suspense-thriller
1554,action-thriller
1555,action-thriller-jack-west-jr
1556,action-thriller-mystery
1557,action-thrillers
1558,actions
1559,activism
1560,activity
1561,activity-books
1562,actor
1563,actor-actress
1564,actors
1565,actr
1566,actresses
1567,actual-book-on-shelf
1568,actual-books
1569,actually-fun
1570,acw
1571,ad
1572,ad-lit
1573,adabiat
1574,adam
1575,adam-brown
1576,adam-dalgliesh
1577,adam-dalgliesh-series
1578,adam-gidwitz
1579,adam-mansbach
1580,adam-smith
1581,adams
1582,adams-douglas
1583,adapt-to-movie-tv-series
1584,adaptation
1585,adaptation-tv-movie
1586,adaptations
1587,adaptations-seen
1588,adapted
1589,adapted-to-film
1590,adapted-to-movie-drama
1591,add
1592,add-rereads
1593,add-to-spreadsheet
1594,added
1595,added-2012
1596,addicted
1597,addicted-by-zane
1598,addicted-series
1599,addiction
1600,addiction-in-the-suburbs
1601,addiction-recovery
1602,addictions
1603,addictive
1604,addicts
1605,addison-moore
1606,addresses
1607,adeline-yen-mah
1608,adelle-waldman
1609,adept
1610,adfjls
1611,adham
1612,adhd
1613,adhi
1614,adirondacks
1615,adjectives
1616,adler-olsen
1617,administration
1618,administração
1619,adolescence
1620,adolescencia
1621,adolescent
1622,adolescent-girls
1623,adolescent-lit
1624,adolescent-literature
1625,adolescents-unsupervised
1626,adolf-hitler
1627,adolfo-bioy-casares
1628,adopted-works
1629,adoption
1630,adoption-and-foster-care
1631,adoption-families-foster-homes-love
1632,adorable
1633,adored-books
1634,adquirido-y-no-leído
1635,adr
1636,adrenaline-action
1637,adrian
1638,adrian--lara
1639,adrian-lara
1640,adrian-mole
1641,adriana-trigiani
1642,adult
1643,adult-african-american-fiction
1644,adult-biography-history
1645,adult-books
1646,adult-books-for-teens
1647,adult-chick-lit
1648,adult-christian-fiction
1649,adult-contemporary
1650,adult-contemporary-romance
1651,adult-content
1652,adult-cookbook
1653,adult-fairy-tales
1654,adult-fantasy
1655,adult-fare
1656,adult-fic-series
1657,adult-fic-supernatural
1658,adult-fic-vampire
1659,adult-fiction
1660,adult-historical-fiction
1661,adult-historical-mystery
1662,adult-ish
1663,adult-lit
1664,adult-literature
1665,adult-mysteries
1666,adult-mystery
1667,adult-nf
1668,adult-non-fiction
1669,adult-nonfiction
1670,adult-novels
1671,adult-paranormal
1672,adult-paranormal-romance
1673,adult-parents
1674,adult-picture-books
1675,adult-plays
1676,adult-read
1677,adult-reads
1678,adult-relationships
1679,adult-romance
1680,adult-science-fiction
1681,adult-scifi
1682,adult-suspense
1683,adult-to-read
1684,adultery
1685,adultfiction
1686,adulting
1687,adults
1688,advance-copy
1689,advanced-reader-s-copy
1690,advent
1691,adventure
1692,adventure-action
1693,adventure-and-survival
1694,adventure-books
1695,adventure-exploration
1696,adventure-fiction
1697,adventure-mystery
1698,adventure-myths-quests-series-actio
1699,adventure-non-fiction
1700,adventure-nonfantasy
1701,adventure-nonfiction
1702,adventure-outdoors
1703,adventure-spirituality
1704,adventure-sports
1705,adventure-stories
1706,adventure-survival
1707,adventure-suspense
1708,adventure-thriller
1709,adventure-travel
1710,adventurers
1711,adventures
1712,adversary-cycle
1713,advertising
1714,advice
1715,advice-for-artists
1716,advice-how-to
1717,advisory
1718,advisory-2009-2010
1719,advisory-2010-2011
1720,advisory-2011-2012
1721,advisory-2012-2013
1722,advocacy
1723,adyra
1724,ae-little-league
1725,aeronautics
1726,aerosmith
1727,aerospace
1728,aeschylus
1729,aesop
1730,aesop-s-fable
1731,aesthetic
1732,aesthetics
1733,aesthetics-focus
1734,af-am
1735,afdeling-q
1736,affair
1737,affairs
1738,affirmations
1739,affluent-families
1740,afghan
1741,afghan-female-entrepreneur-under-ta
1742,afghan-war
1743,afghanistan
1744,afghanistan-veteran
1745,afircan-american
1746,africa
1747,africa-fiction
1748,africa-non-fiction
1749,africa-travelogue
1750,african
1751,african-afro-american
1752,african-america
1753,african-american
1754,african-american-authors
1755,african-american-books
1756,african-american-classics
1757,african-american-experience
1758,african-american-fiction
1759,african-american-history
1760,african-american-interest
1761,african-american-lit
1762,african-american-literature
1763,african-american-memoir
1764,african-american-romance
1765,african-american-studies
1766,african-americans
1767,african-authors
1768,african-childhood
1769,african-culture
1770,african-diaspora
1771,african-fiction
1772,african-history
1773,african-lit
1774,african-literature
1775,african-slaves
1776,african-studies
1777,african-writers
1778,africana
1779,afro-american
1780,afro-american-fiction
1781,afrocentric
1782,after
1783,after-army
1784,after-dark
1785,after-life
1786,after-series
1787,after-the-fall-of-society
1788,after-you
1789,afterdark
1790,afterlife
1791,aftermath-of-the-sinking
1792,aftermath-of-the-sinking-of-the-tit
1793,ag-riddle
1794,ag-young-adult
1795,against
1796,agama
1797,agassi
1798,agatha
1799,agatha-award
1800,agatha-christie
1801,agatha-christie-collection
1802,agatha-christie-hercule-poirot
1803,agatha-christie-miss-marple
1804,agatha-christie-poirot
1805,agatha-christie-to-read
1806,agatha-christy
1807,agatha-cristie
1808,agatha-raisin
1809,agathachristie
1810,age
1811,age-1
1812,age-14
1813,age-15
1814,age-16
1815,age-1970-present
1816,age-2
1817,age-3
1818,age-4
1819,age-4-favorites-h
1820,age-5
1821,age-6
1822,age-7
1823,age-adult
1824,age-children
1825,age-difference
1826,age-gap
1827,age-of-exploration
1828,age-of-sail
1829,age-of-the-five
1830,age-of-the-five-trilogy
1831,age-picture-books
1832,age60plusor425plus
1833,ageing
1834,agency
1835,agent
1836,agent-aloysius-pendergast-series
1837,agent-pendergast
1838,agent-pendergast-series
1839,agents
1840,ages
1841,ages-0-2
1842,ages-5
1843,aggiunti-al-kobo
1844,agifas
1845,agile
1846,agincourt
1847,aging
1848,aging-parents
1849,aging-rockstar
1850,agnichirakukal
1851,agnosticism
1852,ago
1853,agoraphobia
1854,agriculture
1855,ah-library
1856,ahern
1857,ahern-cecelia
1858,ahhh-hahhh-perspective
1859,ahlam
1860,ahlam-mosteghanemi
1861,ahmad
1862,ahmad-fuadi
1863,ahmed
1864,ahmed-khaled-tawfeek
1865,ahmed-khaled-tawfik
1866,ahmed-khaled-tawfiq
1867,ahmed-khaled-toufiq
1868,ahmed-khaled-twfik
1869,ahmed-morad
1870,ahmed-mourad
1871,ahmed-murad
1872,ai
1873,ai-yazawa
1874,aidan
1875,aiden
1876,aidid
1877,aids
1878,aikuisten
1879,aimee-bender
1880,aimee-carter
1881,aint-nobody-got-time-for-that
1882,air
1883,air-combat
1884,air-disasters
1885,air-war
1886,airborn
1887,airborne
1888,aircraft
1889,airhead
1890,airhead-series
1891,airplane
1892,airplane-crash
1893,airplanes
1894,airport
1895,airships
1896,aishar
1897,aisling-grey
1898,aisling-grey-guardian
1899,aisling-grey-series
1900,aiw
1901,aj
1902,ak
1903,akhenaten
1904,akira
1905,akira-amano
1906,akira-toriyama
1907,akt
1908,al
1909,al-alphabetical-list
1910,al-capone
1911,al-franken
1912,al-jackson
1913,al-qaeda
1914,al-thor
1915,ala-a-elaswany
1916,alaa-al-aswany
1917,alaa-alaswani
1918,alaa-el-aswany
1919,alaa-elaswany
1920,alabama
1921,alafair-burke
1922,alain-de-botton
1923,alamo
1924,alan-15
1925,alan-bennett
1926,alan-bradley
1927,alan-brennert
1928,alan-christoffersen
1929,alan-cumming
1930,alan-dean-foster
1931,alan-hollinghurst
1932,alan-lee
1933,alan-lightman
1934,alan-moore
1935,alan-paton
1936,alan-richardson
1937,alan-watts
1938,alaska
1939,alaska-cruise
1940,alastair-reynolds
1941,albab
1942,albania
1943,albert-camus
1944,albert-einstein
1945,albom
1946,albom-mitch
1947,album
1948,album-ilustrado
1949,albums
1950,albums-jeunesse
1951,alcatraz
1952,alchemists
1953,alchemy
1954,alchemyst
1955,alchemyst-series
1956,alcohol
1957,alcoholic
1958,alcoholic-father
1959,alcoholics
1960,alcoholism
1961,alcoholism-addiction
1962,alcott
1963,aldous-huxley
1964,aleatha-romig
1965,alemania
1966,aleo-toni
1967,aleph
1968,aleppo
1969,alera
1970,alessandra-torre
1971,alessandro-baricco
1972,alex
1973,alex-award
1974,alex-awards
1975,alex-barnaby
1976,alex-barnaby-series
1977,alex-berenson
1978,alex-cooper
1979,alex-cooper-series
1980,alex-craft
1981,alex-craft-series
1982,alex-cross
1983,alex-cross-book-17
1984,alex-cross-books
1985,alex-cross-james-patterson
1986,alex-cross-run
1987,alex-cross-s-family
1988,alex-cross-series
1989,alex-cross-to-read
1990,alex-delaware
1991,alex-delaware-milo-sturgis
1992,alex-delaware-series
1993,alex-flinn
1994,alex-garland
1995,alex-haley
1996,alex-kava
1997,alex-kava-maggie-o-dell
1998,alex-li
1999,alex-marwood
2000,alex-read
2001,alex-rider
2002,alex-rider-series
2003,alex-rosenberg
2004,alex-ross
2005,alex-sanchez
2006,alex-verus
2007,alexander
2008,alexander-gordon-smith
2009,alexander-graham-bell
2010,alexander-hamilton
2011,alexander-lloyd
2012,alexander-mccall-smith
2013,alexander-pushkin
2014,alexander-the-great
2015,alexandra-adornetto
2016,alexandra-barnaby
2017,alexandra-bracken
2018,alexandra-cooper
2019,alexandra-cooper-series
2020,alexandra-fuller
2021,alexandra-potter
2022,alexandra-ripley
2023,alexandre-dumas
2024,alexandre-dumas-fils
2025,alexandria
2026,alexie
2027,alfred
2028,alfred-bester
2029,alfred-the-great
2030,algeria
2031,algerian-literature
2032,ali
2033,ali-novak
2034,ali-smith
2035,alice
2036,alice-academy
2037,alice-books
2038,alice-clayton
2039,alice-hoffman
2040,alice-in-the-country-of
2041,alice-in-the-country-of-hearts
2042,alice-in-wonderland
2043,alice-munro
2044,alice-s
2045,alice-s-room
2046,alice-sebold
2047,alice-walker
2048,alien
2049,alien-contact
2050,alien-fiction-fantasy-sci-fi
2051,alien-huntress
2052,alien-invasion
2053,alien-invasions
2054,alienated
2055,alienation
2056,aliens
2057,aliens-and-magic
2058,aliens-series
2059,alisa-valdes
2060,alisa-valdes-rodriguez
2061,alison-croggon
2062,alison-goodman
2063,alison-weir
2064,alistair-maclean
2065,alit
2066,alive
2067,all
2068,all-about-me
2069,all-american-girl
2070,all-american-girl-series
2071,all-books
2072,all-books-in-library
2073,all-books-january-2016
2074,all-cake
2075,all-ebooks-club
2076,all-fiction
2077,all-formats-2015
2078,all-iowa-reads
2079,all-iranian
2080,all-love
2081,all-my-book
2082,all-my-books
2083,all-non-fiction
2084,all-of-our-books
2085,all-other-christian-fiction
2086,all-owned-books
2087,all-shelves
2088,all-souls-trilogy
2089,all-the-books
2090,all-the-books-i-want
2091,all-the-books-podcast
2092,all-the-wrong-questions
2093,all-things-anne-rice
2094,all-things-art
2095,all-things-austen
2096,all-things-french
2097,all-time
2098,all-time-100-novels
2099,all-time-fav
2100,all-time-faves
2101,all-time-favorite
2102,all-time-favorite-books
2103,all-time-favorite-fiction
2104,all-time-favorites
2105,all-time-favourite
2106,all-time-favourites
2107,all-time-favs
2108,all_books
2109,allan-quatermain
2110,allan-sf
2111,allegiant
2112,allegories
2113,allegory
2114,allen-eskens
2115,allen-say
2116,allende
2117,allende-isabel
2118,allergy
2119,alliances
2120,allie-golden-reads
2121,alligator
2122,alligators
2123,alliteration
2124,allon
2125,alltime-fav
2126,ally-carter
2127,ally-condie
2128,almanac
2129,almost-heaven
2130,alone
2131,aloysius
2132,alpha
2133,alpha-and-omega
2134,alpha-and-omega-series
2135,alpha-hero
2136,alpha-male
2137,alpha-male-action
2138,alpha-males
2139,alpha-man
2140,alpha-men
2141,alpha-omega
2142,alphabet
2143,alphabet-book
2144,alphabet-books
2145,alphabet-mysteries
2146,alphabet-series
2147,alphabetical-by-title
2148,alphabets
2149,alphas
2150,alphen
2151,already-a-movie
2152,already-bought
2153,already-downloaded
2154,already-got-but-not-read
2155,already-in-cart-of-amazon
2156,already-own
2157,already-purchased
2158,already-read
2159,already-read-and-enjoyed
2160,already-red
2161,already-waiting-home
2162,alreadyread
2163,also-a-movie
2164,also-r-tv-show-movie-both
2165,also-set-in-cedar-cove
2166,alt-history
2167,alt-theories-and-beliefs-to-read
2168,alten-steve
2169,altered
2170,altered-animals
2171,alternate
2172,alternate-editions
2173,alternate-history
2174,alternate-realities
2175,alternate-reality
2176,alternate-universe
2177,alternate-world
2178,alternate-worlds
2179,alternating-point-of-view
2180,alternating-pov
2181,alternating-viewpoints
2182,alternative
2183,alternative-fantasy
2184,alternative-healing
2185,alternative-health
2186,alternative-history
2187,alternative-living
2188,alternative-medicine
2189,alternative-parallel-worlds
2190,altmba
2191,alton
2192,alton-brown
2193,altucher
2194,alvin
2195,alvin-maker
2196,alvin-maker-series
2197,alvirah-meehan-the-lotto-winner
2198,always-currently-reading
2199,always-reading
2200,alyson-noel
2201,alyson-noël
2202,alzheimer
2203,alzheimer-disease
2204,alzheimer-s
2205,alzheimer-s-disease
2206,alzheimers
2207,am-lit
2208,amadoo
2209,amanda
2210,amanda-hocking
2211,amanda-hocking-my-blood-approves
2212,amanda-knox
2213,amanda2013
2214,amateur-detective
2215,amateur-detectives
2216,amateur-library
2217,amateur-sleuth
2218,amazing
2219,amazing-books
2220,amazing-favorites
2221,amazing-first-work-by-author
2222,amazing-grace
2223,amazon
2224,amazon-100
2225,amazon-100-books
2226,amazon-100-books-to-read
2227,amazon-books
2228,amazon-com
2229,amazon-first
2230,amazon-free-books
2231,amazon-freebie
2232,amazon-freebies
2233,amazon-kindle
2234,amazon-kindle-first
2235,amazon-library
2236,amazon-prime
2237,amazon-prime-loan
2238,amazon-prime-to-read
2239,amazon-river
2240,amazon-s-100
2241,amazon-s-100-books-to-read-in-a-lif
2242,amazon-top-100
2243,amazon-unlimited
2244,amazon100
2245,amazons
2246,ambassador
2247,ambassador-daughter-kidnapping
2248,amber
2249,amber-chronicles
2250,amber-room
2251,amber-s-stuff
2252,ambition
2253,ambleside
2254,ambleside-year-1
2255,ambleside-year-7
2256,ambleside-year-8
2257,ambrose
2258,ambrose-bierce
2259,ambrose-hugh
2260,ambrose-stephen
2261,amelia
2262,amelia-atwater-rhodes
2263,amelia-bedelia
2264,amelia-earhart
2265,amelia-peabody
2266,amelia-peabody-series
2267,amelia-sachs
2268,amelie-nothomb
2269,amer-lit
2270,amercian-history-presidents
2271,america
2272,america-in-retreat
2273,america-latina
2274,america-reads
2275,america-s
2276,america-s-intelligence-gathering
2277,american
2278,american-20c
2279,american-armenian
2280,american-artists
2281,american-author
2282,american-authors
2283,american-authors-i-own
2284,american-civil-war
2285,american-civil-war-literature
2286,american-classic
2287,american-classics
2288,american-comics
2289,american-contemporary
2290,american-crime
2291,american-drama
2292,american-dream
2293,american-eschatology
2294,american-fiction
2295,american-football
2296,american-foreign-policy
2297,american-girl
2298,american-girl-books
2299,american-girls
2300,american-girls-collection
2301,american-government
2302,american-heiress
2303,american-hf
2304,american-historical-fiction
2305,american-history
2306,american-indian
2307,american-indian-lit
2308,american-indians
2309,american-italian-family
2310,american-justice-system
2311,american-law
2312,american-lit
2313,american-literature
2314,american-literature-across-the-age
2315,american-midwest
2316,american-muslim
2317,american-northeast
2318,american-pioneers
2319,american-poetry
2320,american-politics
2321,american-president
2322,american-presidents
2323,american-revolution
2324,american-revolutionary-war
2325,american-sniper
2326,american-south
2327,american-southern
2328,american-southwest
2329,american-studies
2330,american-vampire
2331,american-war-of-independence
2332,american-west
2333,american-wit-and-humor
2334,american-writers
2335,americana
2336,americangirl
2337,americani
2338,americans
2339,americas
2340,americas-greatest-sin
2341,amerika
2342,amerikanu
2343,ami-mckay
2344,amin-maalouf
2345,amish
2346,amish-books
2347,amish-culture
2348,amish-fiction
2349,amish-life
2350,amish-mennonite
2351,amish-society
2352,amish-stories
2353,amish-tripathi
2354,amish-tripati
2355,amitav
2356,amitav-ghosh
2357,ammiee
2358,amnell
2359,amnesia
2360,among-the-betrayed
2361,among-the-hidden
2362,among-the-hidden-series
2363,among-the-impostors
2364,amor
2365,amor-towles
2366,amos-decker
2367,amos-decker-series
2368,amputation
2369,amputee
2370,amputees
2371,amr-salama
2372,amsterdam
2373,amulet
2374,amulet-1
2375,amulet-2
2376,amulet-3
2377,amulet-4
2378,amulet-series
2379,amusement-parks
2380,amusing
2381,amy
2382,amy-a-bartol
2383,amy-bartol
2384,amy-chua
2385,amy-efaw
2386,amy-harmon
2387,amy-plum
2388,amy-sedaris
2389,amy-tan
2390,amz
2391,amélie-nothomb
2392,an-angie-and-patrick-story
2393,an-ember-in-the-ashes
2394,an-inspector-lynley-novel
2395,an-internal-journey-as-well-as-a-ph
2396,an-invisible-thread
2397,an-ongoing-project
2398,an-unfortunate-fairy-tale
2399,an-unfortunate-fairy-tale-series
2400,ana
2401,ana-and-budda-s-books
2402,anacaona
2403,anagrama
2404,anai
2405,anais-nin
2406,analysis
2407,analytic
2408,analytic-philosophy
2409,analytical-philosophy
2410,analytics
2411,anarchism
2412,anarcho-primitivism
2413,anarchy
2414,anasazi
2415,anastasia-krupnik
2416,anatoli-boukreev
2417,anatomy
2418,anatomy-drawing
2419,anatomy-figure-drawing
2420,anaïs-nin
2421,anbefalet-ikke-undersøgt
2422,ancestral-home
2423,anchee-min
2424,ancient
2425,ancient-classics
2426,ancient-darkness
2427,ancient-egypt
2428,ancient-egypt-and-rome
2429,ancient-greece
2430,ancient-greece-rome
2431,ancient-greek
2432,ancient-greek-literature
2433,ancient-greek-philosophy
2434,ancient-historical-fiction
2435,ancient-history
2436,ancient-israel
2437,ancient-lit
2438,ancient-literature
2439,ancient-london
2440,ancient-mysteries
2441,ancient-mystery
2442,ancient-near-east
2443,ancient-persia
2444,ancient-philosophy
2445,ancient-rome
2446,ancient-texts
2447,ancient-times
2448,ancient-world
2449,ancients
2450,and
2451,and-believing-in-the-possible
2452,and-own
2453,and-philosophy
2454,and-the-mountains-echoed
2455,and-the-shofar-blew
2456,andalusia
2457,anderson
2458,anderson-cooper
2459,andes
2460,andes-mountains
2461,andika-adil
2462,andre
2463,andre-aciman
2464,andre-bella
2465,andre-books
2466,andre-dubus-iii
2467,andre-norton
2468,andrea
2469,andrea-cremer
2470,andrea-hirata
2471,andrea-levy
2472,andrew
2473,andrew-becs
2474,andrew-clements
2475,andrew-davidson
2476,andrew-gross
2477,andrew-jackson
2478,andrew-ng-recommendations
2479,andrew-peterson
2480,andrew-wiles
2481,andrews
2482,andrews--mary-kay
2483,andrews-ilona
2484,andrews-mary-kay
2485,andrews-v-c
2486,andrews-vc
2487,androids
2488,andrzej-sapkowski
2489,andré-agassi
2490,andré-bella
2491,andy
2492,andy-andrews
2493,andy-brazil
2494,andy-brazil-series
2495,andy-warhol
2496,andy-weir
2497,anecdotes
2498,anf
2499,angel
2500,angel-books
2501,angel-demon
2502,angel-island
2503,angel-series
2504,angel-trilogy
2505,angela
2506,angela-carter
2507,angela-hunt
2508,angela-marsons
2509,angela-s-favorites
2510,angeles
2511,angelfire
2512,angelfire-series
2513,angelic
2514,angelology
2515,angelou
2516,angels
2517,angels-and-demons
2518,angels-and-dempns
2519,angels-demons
2520,angels-nephilim
2521,angels-of-the-dark
2522,angels-of-the-dark-series
2523,anger
2524,anger-management
2525,angie-books
2526,angie-sage
2527,anglais
2528,angles
2529,angleske
2530,anglo-americana
2531,anglo-saxon
2532,anglo-saxon-england
2533,anglo-saxons
2534,anglophilia
2535,anglophones-vs-francophones
2536,angry-robot
2537,angry-teenager
2538,angst
2539,angstrom
2540,angstrom-
2541,angsty
2542,angsty-romance
2543,angus-and-robertson-top-100
2544,aniela
2545,animal
2546,animal-abuse
2547,animal-adoption
2548,animal-behavior
2549,animal-behaviour
2550,animal-books
2551,animal-care
2552,animal-classics
2553,animal-cruelty
2554,animal-fantasy
2555,animal-farm
2556,animal-fiction
2557,animal-human-bond
2558,animal-intelligence
2559,animal-lover
2560,animal-lovers
2561,animal-mystery
2562,animal-narrator
2563,animal-non-fiction
2564,animal-nonfiction
2565,animal-pov
2566,animal-related
2567,animal-rescue
2568,animal-rights
2569,animal-s-perspective
2570,animal-sounds
2571,animal-spirit
2572,animal-spirit-guides
2573,animal-stories
2574,animal-story
2575,animal-studies
2576,animal-tales
2577,animal-totems
2578,animal-welfare
2579,animalia
2580,animals
2581,animals-and-pets
2582,animals-and-wildlife
2583,animals-cats
2584,animals-dogs
2585,animals-farm
2586,animals-horses
2587,animals-misc
2588,animals-nature
2589,animals-pets
2590,animals-pets-fish-bugs-etc
2591,animation
2592,animation-books
2593,anime
2594,anime-bleach
2595,anime-manga
2596,animism
2597,animu
2598,animé
2599,anis-mansour
2600,anita
2601,anita-amirrezvani
2602,anita-blake
2603,anita-blake-series
2604,anita-blake-vampire-hunter
2605,anita-blake-vampire-hunter-series
2606,anita-brookner
2607,anita-diamant
2608,anita-shreve
2609,anjali
2610,ann
2611,ann-aguirre
2612,ann-brashares
2613,ann-cleeves
2614,ann-hood
2615,ann-leary
2616,ann-leckie
2617,ann-m-martin
2618,ann-marie-macdonald
2619,ann-mccaffrey
2620,ann-packer
2621,ann-patchett
2622,ann-rice
2623,ann-rule
2624,ann-rule-is-such-a-great-writer-her
2625,anna
2626,anna-and-the-french-kiss
2627,anna-banks
2628,anna-carey
2629,anna-godbersen
2630,anna-grace
2631,anna-jean-mayhew
2632,anna-maxted
2633,anna-pigeon
2634,anna-pigeon-mysteries
2635,anna-pigeon-series
2636,anna-qindlen
2637,anna-quindlen
2638,anna-rice
2639,anna-sewell
2640,anna-todd
2641,annalisa-grant
2642,anne
2643,anne-bishop
2644,anne-boleyn
2645,anne-bronte
2646,anne-enright
2647,anne-fortier
2648,anne-frank
2649,anne-lamott
2650,anne-mccaffery
2651,anne-mccaffrey
2652,anne-mccaffrey-pern
2653,anne-melody
2654,anne-michaels
2655,anne-neville
2656,anne-of-cleves
2657,anne-of-green-gables
2658,anne-of-green-gables-series
2659,anne-rampling
2660,anne-rice
2661,anne-river-siddons
2662,anne-rivers-siddon
2663,anne-rivers-siddons
2664,anne-rule
2665,anne-sexton
2666,anne-tyler
2667,anneke-jesperson
2668,annerice
2669,annette-curtis-klause
2670,annette-funicello
2671,annexation
2672,annie-barrows
2673,annie-dillard
2674,annie-proulx
2675,annotated
2676,annoying-heroine
2677,annoying-male-lead
2678,annrule
2679,annual-mother-s-day-call
2680,anonymous
2681,anorexia
2682,anotdated
2683,answering
2684,answers
2685,antarctic
2686,antarctica
2687,anthologies
2688,anthologies-and-collections
2689,anthologies-collections
2690,anthology
2691,anthology-of-short-stories-by-famou
2692,anthology-or-part-of
2693,anthony
2694,anthony-bourdain
2695,anthony-burgess
2696,anthony-hope
2697,anthony-horowitz
2698,anthony-kiedis
2699,anthony-piers
2700,anthony-robbins
2701,anthony-ryan
2702,anthony-s-books
2703,anthro
2704,anthropologists
2705,anthropology
2706,anthropomorphic
2707,anthropomorphism
2708,anti
2709,anti-capitalism
2710,anti-civ
2711,anti-colonialism
2712,anti-corporatism
2713,anti-hero
2714,anti-heroes
2715,anti-library-want
2716,anti-racism
2717,anti-religion
2718,anti-semitism
2719,anti-terrorist
2720,anti-terrorist-task-force
2721,anti-war
2722,anticipated-releases-2016
2723,anticipated-releases-2017
2724,antigua
2725,antihero
2726,antipodes
2727,antiquarian-books
2728,antique
2729,antiques
2730,antiquing
2731,antiquities
2732,antiquity
2733,antiquité
2734,antisemitism
2735,antologi-cerpen
2736,anton-chekhov
2737,anton-chekov
2738,antonia-fraser
2739,antony-beevor
2740,antropologia
2741,anxiety
2742,any-wish-list
2743,anya-seton
2744,ao-no-exorcist
2745,ao-year-0
2746,ao-year-1
2747,ao-year-4
2748,ao-year-5
2749,ao-year-7
2750,ao-year-9
2751,ao-yr-11
2752,aoc
2753,aom
2754,aom-100-books
2755,aot
2756,ap-comp
2757,ap-english
2758,ap-list
2759,ap-lit
2760,ap-literature
2761,ap-reading
2762,apartheid
2763,apes
2764,aphorisms
2765,apj
2766,apocalypse
2767,apocalypsies
2768,apocalyptic
2769,apocalyptic-alien-conquest
2770,apocalyptic-and-post-apocalyptic
2771,apocalyptic-anxiety
2772,apocalyptic-dystopian
2773,apocalyptic-fiction
2774,apocalyptic-post-apocalyptic
2775,apocolypse
2776,apocolyptic
2777,apologetic
2778,apologetica
2779,apologetics
2780,apologetics-evangelism
2781,apologetics-theology
2782,apologetics-to-read
2783,apologetics-worldview
2784,apologizing
2785,apothecary
2786,appalachia
2787,appalachia-regional-literature
2788,appalachian
2789,appalachian-life
2790,appalachian-literature
2791,appalachian-trail
2792,appalachians
2793,apparatus
2794,apparent
2795,appeal-adrenaline
2796,appendix-e
2797,appendix-n
2798,apple
2799,apple-eris
2800,apple-love
2801,apples
2802,applied
2803,apprentice-adept
2804,approved-self-selected-novels
2805,april
2806,april-2011
2807,april-2012
2808,april-2013
2809,april-2014
2810,april-2015
2811,april-2016
2812,april-henry
2813,aprilynne-pike
2814,aquaman
2815,aqueducts
2816,ar-2
2817,ar-fic
2818,ar-level-3
2819,arab
2820,arab-fantasy
2821,arab-jew-conflict
2822,arab-lit
2823,arab-literature
2824,arab-women
2825,arab-world
2826,arabia
2827,arabian-nights
2828,arabic
2829,arabic-books
2830,arabic-books-in-stock
2831,arabic-books-to-read
2832,arabic-contemporary
2833,arabic-fiction
2834,arabic-lit
2835,arabic-literature
2836,arabic-non-fiction
2837,arabic-novel
2838,arabic-novels
2839,arabic-novels-plays
2840,arabic-pdf-word
2841,arabic-poetry
2842,arabic-read
2843,arabic-reads
2844,arabic-stories
2845,arabic-to-read
2846,arabic_literature
2847,arabiclit
2848,arachnids
2849,aravind-adiga
2850,aravind-s
2851,arbonne
2852,arc
2853,arc-netgalley
2854,arcana-chronicles
2855,arch
2856,archaelogical-thefts-fiction
2857,archaeological-thrillers
2858,archaeology
2859,archeology
2860,archer
2861,archer-jeffery
2862,archer-jeffrey
2863,archer-k-a
2864,archery
2865,archetypes
2866,architect
2867,architecture
2868,architecture-books
2869,architecture-design
2870,architecture-history
2871,architecture-urbanism
2872,archive
2873,archived
2874,archives
2875,arcs
2876,arctic
2877,arctic-antarctic
2878,arctic-exploration
2879,arda
2880,are-you-afraid-of-the-dark
2881,area
2882,area-arts
2883,aread-in-2017
2884,areas
2885,argeneau
2886,argeneau-family
2887,argeneau-series
2888,argeneau-vampire-series
2889,argeneau-vampires
2890,argeneau-vampires-series
2891,argentina
2892,argentine
2893,argentine-literature
2894,argentinian
2895,argentinian-lit
2896,argentinian-literature
2897,argentinos
2898,ariadne-oliver
2899,ariana-franklin
2900,arianna-huffington
2901,arina-tanemura
2902,aristocracy
2903,aristotle
2904,arizona
2905,ark-angel
2906,arkady-renko
2907,arkansas
2908,arlo
2909,armageddon
2910,armand-gamache
2911,armand-gamache-series
2912,armchair-travel
2913,armenia
2914,armenian
2915,armenian-genocide
2916,armistead-maupin
2917,arms
2918,arms-trafficking
2919,armstrong
2920,armstrong-kelley
2921,army
2922,army-investigators
2923,army-reading-list
2924,arnaldur-indridason
2925,arnaldur-indriðason
2926,aromatherapy-reiki
2927,aron-ralston
2928,around-the-world
2929,around-the-world-2017-challenge
2930,around-the-world-challenge
2931,around-the-world-in-80-books
2932,arranged-marriage
2933,arrepios
2934,ars-artis
2935,arsenal
2936,arsenic
2937,arson
2938,art
2939,art---animation
2940,art---architecture
2941,art-20cent
2942,art-aesthetics
2943,art-albums
2944,art-anatomy
2945,art-and-aesthetics
2946,art-and-architecture
2947,art-and-art-history
2948,art-and-art-study
2949,art-and-artbooks
2950,art-and-artists
2951,art-and-craft
2952,art-and-craft-including-instruction
2953,art-and-crafts
2954,art-and-creativity
2955,art-and-design
2956,art-and-films
2957,art-and-history
2958,art-and-humanities
2959,art-and-illustration
2960,art-and-music
2961,art-and-photography
2962,art-and-photography-ebooks
2963,art-and-photograpy
2964,art-and-photos
2965,art-and-reference
2966,art-animation
2967,art-architecture
2968,art-architecture-design
2969,art-architecture-design-s
2970,art-art-history
2971,art-art-history-architecture
2972,art-art-history-art
2973,art-art-history-art-criticism
2974,art-art-history-technique
2975,art-arthistory
2976,art-artist
2977,art-artists
2978,art-artists-musicians-writers
2979,art-biography
2980,art-book
2981,art-book-reference
2982,art-books
2983,art-books-i-have
2984,art-books-i-want-to-read
2985,art-books-to-read
2986,art-business
2987,art-career
2988,art-collections
2989,art-color-theory
2990,art-comics
2991,art-comics-manga
2992,art-craft
2993,art-crafts
2994,art-creative-thinking
2995,art-creativity
2996,art-crime
2997,art-critic
2998,art-criticism
2999,art-culture
3000,art-deco-painter
3001,art-design
3002,art-design-arch
3003,art-design-fashion
3004,art-design-illustration
3005,art-design-illustration-etc
3006,art-design-photography
3007,art-draw-paint
3008,art-drawing
3009,art-drawing-comics
3010,art-drawing-dance
3011,art-drawing-painting
3012,art-earth
3013,art-education
3014,art-etc
3015,art-expressionism
3016,art-fiction
3017,art-folk-analize
3018,art-for-art-s-sake
3019,art-forgery
3020,art-gallery
3021,art-general
3022,art-glorious-art
3023,art-graffiti
3024,art-graphic-design
3025,art-heists
3026,art-historical-fiction
3027,art-history
3028,art-history-and-technique
3029,art-history-and-theory
3030,art-history-architecture
3031,art-history-capstone
3032,art-history-criticism
3033,art-history-fiction
3034,art-history-resources
3035,art-history-texts
3036,art-history-theory
3037,art-history-thriller
3038,art-history-to-read
3039,art-how-to
3040,art-illustration
3041,art-in-fiction
3042,art-inspiration
3043,art-inspirations
3044,art-inspo
3045,art-instruction
3046,art-instruction-want
3047,art-instructional
3048,art-journaling
3049,art-journals
3050,art-lit
3051,art-literature
3052,art-major
3053,art-making
3054,art-mexican
3055,art-miscellaneous
3056,art-modern
3057,art-mostly-figures
3058,art-museums-art-history
3059,art-music
3060,art-music-architecture-etc
3061,art-music-conceptual
3062,art-music-theater
3063,art-music-theatre
3064,art-non-fiction
3065,art-nonfiction
3066,art-of
3067,art-of-dreams
3068,art-of-hosting
3069,art-of-manliness
3070,art-of-manliness-top-100
3071,art-of-seduction
3072,art-of-the-novella
3073,art-opt
3074,art-painting
3075,art-photo
3076,art-photography
3077,art-photography-etc
3078,art-portrait
3079,art-post-impress
3080,art-practical
3081,art-practice
3082,art-reference
3083,art-references
3084,art-related
3085,art-related-books
3086,art-related-fiction
3087,art-restoration
3088,art-school
3089,art-shit
3090,art-sketch-etc
3091,art-spiegelman
3092,art-store-athenaeum
3093,art-street
3094,art-student
3095,art-studies
3096,art-study-guides
3097,art-stuff
3098,art-symbolism
3099,art-tbr
3100,art-technical
3101,art-technique
3102,art-techniques
3103,art-texts
3104,art-theft
3105,art-themed-fiction
3106,art-theory
3107,art-theory-and-criticism
3108,art-theory-and-curating
3109,art-theory-etc
3110,art-therapy
3111,art-to-read
3112,art-work
3113,art-world
3114,art-writing-and-creativity
3115,art_books
3116,art_history
3117,artbook
3118,artbooks
3119,artbooks-owned
3120,arte
3121,arte-architettura
3122,arte-fumetto-graphic-novel_
3123,arte-illustrati-fumetti
3124,arte-teoria
3125,artefakty
3126,artemis
3127,artemis-fowl
3128,artemis-fowl-series
3129,artemisia-gentileschi
3130,artes
3131,arthur
3132,arthur-c-clark
3133,arthur-c-clarke
3134,arthur-clarke
3135,arthur-conan-doyle
3136,arthur-hailey
3137,arthur-keri
3138,arthur-miller
3139,arthur-ransome
3140,arthurian
3141,arthurian-fiction
3142,arthurian-legend
3143,arthurian-legends
3144,arthurian-lit
3145,arthurian-literature
3146,arthurian-saga
3147,arthuriana
3148,artic
3149,article-5
3150,articles
3151,artifacts
3152,artificial
3153,artificial-intelligence
3154,artificial-life
3155,artist
3156,artist-bios-works
3157,artist-books
3158,artist-kahlo
3159,artist-klimt
3160,artist-munch
3161,artist-van-gogh
3162,artist-women-bio
3163,artistas
3164,artistic
3165,artistic-inspiration
3166,artists
3167,artists-history-of-art
3168,artists-inspirations
3169,arts
3170,arts-
3171,arts-all-reference-and-how-to
3172,arts-and-crafts
3173,arts-and-crafts-movement
3174,arts-and-language
3175,arts-crafts
3176,arts-designs
3177,arts-music
3178,arts-photography
3179,artsy
3180,artsy-books
3181,artsy-fartsy
3182,artsy_exhibitions
3183,artsy_technical
3184,arturo-perez-reverte
3185,arturo-pérez-reverte
3186,artwork
3187,arty
3188,arty-and-visual
3189,arty-pants
3190,artzy
3191,arundhati-roy
3192,as
3193,as-a-child
3194,as-a-kid
3195,as-a-man-thinketh
3196,as-crónicas-de-gelo-e-fogo
3197,as-the-crow-flies
3198,asap
3199,ascendance
3200,ascendance-trilogy
3201,asd
3202,asddddddddddddddddddddddddddddd
3203,asdfghjklnenndjd
3204,aseli-indonesia
3205,ash
3206,asheville
3207,ashfall
3208,ashiri-bo
3209,ashley
3210,ashley-jennifer
3211,ashley-kristen
3212,ashnan-library
3213,ashwin
3214,ashwin-sanghi
3215,ashwin-sanghvi
3216,asia
3217,asia-s-se
3218,asian
3219,asian-american
3220,asian-american-authors
3221,asian-american-fiction
3222,asian-american-literature
3223,asian-authors
3224,asian-books
3225,asian-culture
3226,asian-experience
3227,asian-fantasy
3228,asian-fiction
3229,asian-historical-fiction
3230,asian-history
3231,asian-lit
3232,asian-literature
3233,asian-saga
3234,asian-studies
3235,asian-stuff
3236,asimov
3237,asimov-foundation
3238,asimov-isaac
3239,asimov-robot
3240,ask-and-it-is-given
3241,askim-vonnegut
3242,asli-indonesia
3243,asmartread
3244,asne-seierstad
3245,asoiaf
3246,aspects
3247,aspects-
3248,asperger-s
3249,asperger-s-syndrome
3250,asperger-syndrome
3251,aspergers
3252,aspergers-autism
3253,aspergers-syndrome
3254,asphyxia
3255,asprin
3256,assad-khalil
3257,assasination
3258,assasins
3259,assassin
3260,assassin-targeting-harvath-s-family
3261,assassination
3262,assassination-attempt
3263,assassination-of-president
3264,assassinations
3265,assassins
3266,assassins-and-spies
3267,assassins-series
3268,assessment
3269,asshole-hero
3270,assigned
3271,assigned-reading
3272,assigneds
3273,assisted-suicide
3274,association
3275,assorted
3276,assorted-creatures
3277,asterix-and-obelix
3278,asthma
3279,astonishing-x-men
3280,astrid-lindgren
3281,astro
3282,astro-physics
3283,astrology
3284,astronaut
3285,astronautics
3286,astronauts
3287,astronomia
3288,astronomy
3289,astronomy-cosmology
3290,astronomy-physics
3291,astrophysics
3292,astérix
3293,asylum
3294,asylums
3295,at-crpl
3296,at-first-sight
3297,at-home
3298,at-home-to-read
3299,at-library
3300,at-pam-s-place
3301,at-school
3302,at-sea
3303,at-the-library
3304,at-the-other-house
3305,at-work
3306,at_home
3307,atc-cb
3308,atheism
3309,atheism-agnosticism
3310,atheism-and-religion
3311,atheism-humanism
3312,atheism-philosophy
3313,atheism-religion
3314,atheism-secularism
3315,atheist
3316,athens
3317,athiesm
3318,athlete
3319,athletes
3320,athletes-dancers-etc
3321,athletics
3322,atkinson-kate
3323,atla
3324,atlanta
3325,atlantic-city
3326,atlantis
3327,atlit-camp
3328,atomic
3329,atomic-bomb
3330,atonement
3331,atrocities
3332,atrocity
3333,atsushi-ohkubo
3334,attachment-disorder
3335,attack-on-the-u-s
3336,attack-on-titan
3337,attacks
3338,attempted
3339,attempts
3340,attitude
3341,attorney
3342,attorneys
3343,attraction
3344,attributes-of-god
3345,atul-gawande
3346,atw80books
3347,atwater-rhodes
3348,atwood
3349,au-amer-n
3350,au-brad-thor
3351,au-dean-koontz
3352,aubrey
3353,aubrey-maturin
3354,aubrey-maturin-series
3355,aubreyad
3356,auburn-library
3357,auctions
3358,audible
3359,audible-book
3360,audible-books
3361,audible-buy-list
3362,audible-c
3363,audible-com
3364,audible-finished
3365,audible-library
3366,audible-owned
3367,audible-read
3368,audible-to-read
3369,audible-unread
3370,audibles
3371,audio
3372,audio-2017
3373,audio-500
3374,audio-a
3375,audio-available
3376,audio-bcd
3377,audio-book
3378,audio-book-read
3379,audio-books
3380,audio-cd
3381,audio-cd-s-cassettes
3382,audio-drama
3383,audio-library
3384,audio-none
3385,audio-not-available
3386,audio-reads
3387,audio-to-listen
3388,audio-version
3389,audiobook
3390,audiobook-tbr
3391,audiobooked
3392,audiobooks
3393,audiobooks-2017
3394,audiobooks-i-own
3395,audiobooks-read
3396,audiodeficient
3397,audiokniha
3398,audios
3399,audrey
3400,audrey-niffenegger
3401,audrey-s-books
3402,audrey-wood
3403,audreys-shelf
3404,audubon
3405,auel
3406,auel-jean
3407,auel-jean-m
3408,auf-deutsch
3409,aug-2013
3410,aug-2016
3411,aug-2017-bookhaul
3412,aug-fiction
3413,augmented-reality
3414,august
3415,august-2012
3416,august-2013
3417,august-2014
3418,august-2015
3419,august-2016
3420,august-2017
3421,august-2017-reads
3422,august-tbr
3423,august-wilson
3424,augusta-book-club
3425,augusten
3426,augusten-burroughs
3427,augustine
3428,augustus
3429,aunty-am-read-to-me
3430,aura
3431,auras
3432,aurora
3433,aurora-rose-reynolds
3434,aurora-teagarden
3435,aurora-teagarden-mystery-series
3436,aurora-teagarden-series
3437,auschwitz
3438,aussie
3439,aussie-author
3440,aussie-authors
3441,aussie-books
3442,aussie-fiction
3443,aussie-ya
3444,aussortiert
3445,austen
3446,austen-esque
3447,austen-fan-fiction
3448,austen-inspired
3449,austen-jane
3450,austen-mania
3451,austen-project
3452,austen-related
3453,austenesque
3454,austenite
3455,austenland
3456,auster
3457,auster-paul
3458,austin-grossman
3459,austin-read
3460,austins-books
3461,australia
3462,australia-2016
3463,australia-new-zealand
3464,australia-nz
3465,australian
3466,australian-author
3467,australian-authors
3468,australian-books
3469,australian-classics
3470,australian-contemporary-fiction
3471,australian-fiction
3472,australian-fiction-memory-loss
3473,australian-historical-fiction
3474,australian-lit
3475,australian-literature
3476,australian-women-writers
3477,australian-writer
3478,australian-writers
3479,australiana
3480,austria
3481,austria-hungary-and-its-heritage
3482,austrian
3483,austrian-economics
3484,austrian-lit
3485,austrian-literature
3486,austrian-school
3487,auth-francis-chan
3488,auth-heather-brewer
3489,authentic-christianity
3490,authenticity
3491,author
3492,author-
3493,author-a
3494,author-abbi-glines
3495,author-alistair-maclean
3496,author-american
3497,author-anne-mccaffrey
3498,author-anne-rice
3499,author-anthony-bourdain
3500,author-brad-meltzer
3501,author-british
3502,author-c
3503,author-charles-dickens
3504,author-cherise-sinclair
3505,author-christina-lauren
3506,author-christine-feehan
3507,author-clive-cussler
3508,author-crissy-calhoun
3509,author-danielle-steel
3510,author-dean-koontz
3511,author-elin-hilderbrand
3512,author-english
3513,author-f
3514,author-female
3515,author-foot-in-mouth-disease
3516,author-frank-peretti
3517,author-g
3518,author-gena-showalter
3519,author-h
3520,author-ilona-andrews
3521,author-j-d-robb
3522,author-j-r-ward
3523,author-james-patterson
3524,author-james-rollins
3525,author-jeaniene-frost
3526,author-jill-shalvis
3527,author-jim-butcher
3528,author-johanna-lindsey
3529,author-jr-ward
3530,author-judith-mcnaught
3531,author-julia-quinn
3532,author-julie-garwood
3533,author-julie-james
3534,author-karen-marie-moning
3535,author-kelley-armstrong
3536,author-keri-arthur
3537,author-kresley-cole
3538,author-kristan-higgins
3539,author-kristen-ashley
3540,author-kurt-vonnegut
3541,author-lara-adrian
3542,author-larissa-ione
3543,author-linda-howard
3544,author-lisa-kleypas
3545,author-lynsay-sands
3546,author-male
3547,author-matthew-reilly
3548,author-maya-banks
3549,author-multiple
3550,author-nalini-singh
3551,author-nicky-charles
3552,author-nora-roberts
3553,author-of-color
3554,author-patricia-briggs
3555,author-paulo-coelho
3556,author-rachel-gibson
3557,author-rachel-vincent
3558,author-richelle-mead
3559,author-robyn-carr
3560,author-s
3561,author-samantha-young
3562,author-sandra-brown
3563,author-sarah-maclean
3564,author-sherrilyn-kenyon
3565,author-sidney-sheldon
3566,author-stephen-king
3567,author-study
3568,author-study-eric-carle
3569,author-susan-elizabeth-phillips
3570,author-sylvia-day
3571,author-terry-brooks
3572,author-tessa-dare
3573,author-tolkien
3574,author-tom-clancy
3575,author-various
3576,authors
3577,authors-h
3578,authors-i-collect
3579,authors-of-color
3580,authors-of-colour
3581,authors-poc
3582,authors-read-before
3583,authors-soapbox
3584,authors-uk
3585,authorship
3586,autism
3587,autism-aspergers
3588,autism-books
3589,autism-spectrum
3590,auto-and-biography
3591,auto-ayuda
3592,auto-bio
3593,auto-bio-memoir
3594,auto-biographies
3595,auto-biographies-memoirs
3596,auto-biography
3597,auto-biography-full-of-inspiration
3598,auto-biography-memoir
3599,auto-immune-disease
3600,auto-racing
3601,autoayuda
3602,autobio
3603,autobio-memoir
3604,autobiographic
3605,autobiographical
3606,autobiographical-fiction
3607,autobiographie
3608,autobiographies
3609,autobiographies-and-biographies
3610,autobiographies-biographies
3611,autobiography
3612,autobiography-
3613,autobiography-and-memoir
3614,autobiography-biography
3615,autobiography-biography-memoir
3616,autobiography-memoir
3617,autobiography-memoirs
3618,autobiography-memoirs-journals
3619,autofiction
3620,autographed
3621,autographed-book
3622,autographs
3623,automatons
3624,automobile
3625,automobiles
3626,autores-brasileiros
3627,autores-hispanos
3628,autores-latinoamericanos
3629,autores-lusófonos
3630,autores-mexicanos
3631,autores-portugueses
3632,autori-francesi
3633,autori-italiani
3634,autori-romani
3635,autumn
3636,autumn-in-paris
3637,autumn-rei
3638,av-club
3639,ava
3640,avaiable
3641,available
3642,available-at-library
3643,available-for-sale-0303-0227528
3644,available-in-overdrive
3645,available-to-read
3646,avalon
3647,avalon-series
3648,avant-garde
3649,avatar
3650,avatar-the-last-airbender
3651,aveline-kindergarten
3652,avengers
3653,aventura
3654,aventuras
3655,aventure
3656,avery
3657,avglessthan405
3658,avi
3659,aviation
3660,aviation-history
3661,avoid
3662,avoid-reading
3663,avoiding
3664,avoiding-series
3665,avventura
3666,aw-food
3667,awaiting
3668,awaiting-release
3669,awaken-the-giant-within
3670,awakening
3671,award
3672,award-caldecott
3673,award-hugo
3674,award-nebula
3675,award-pulitzer
3676,award-winner
3677,award-winners
3678,award-winners-nominees
3679,award-winning
3680,award-winning-author
3681,award-winning-books
3682,award-winning-picture-books
3683,awards
3684,awards-batchelder
3685,awareness
3686,awe
3687,awesome
3688,awesome-books
3689,awesome-covers
3690,awesome-manga
3691,awesome-premise-bleh-execution
3692,awesome-stuff
3693,awful
3694,awful-relatives
3695,awkward
3696,aws1
3697,awww
3698,aya
3699,ayaan-hirsi-ali
3700,ayat-ayat-cinta
3701,ayen
3702,ayla
3703,ayn
3704,ayn-rand
3705,ayoklar-s-book-shelf
3706,ayra-and-zak
3707,azione
3708,aztec
3709,aztecs
3710,azul-bebe-roxo
3711,b
3712,b-a-paris
3713,b-a-shapiro
3714,b-authors
3715,b-books
3716,b-c
3717,b-c-449
3718,b-c-lit
3719,b-cornwell
3720,b-do-not-own
3721,b-library
3722,b-n
3723,b-n-classics
3724,b-n-leatherbound-classics
3725,b-n-tbr-pics-7-22-17
3726,b-philosophy-psychology-religion
3727,b-visible-project
3728,b1
3729,b_comics
3730,baatan-death-march
3731,babak-s-shelves
3732,babar
3733,babe-ruth
3734,babes
3735,babies
3736,babies-and-kids
3737,babies-and-parenting
3738,babies-and-toddlers
3739,baby
3740,baby-and-parenting
3741,baby-baby
3742,baby-books
3743,baby-boy
3744,baby-c-bookshelf
3745,baby-care
3746,baby-children
3747,baby-for-the-billionaire
3748,baby-library
3749,baby-love
3750,baby-parenting
3751,baby-prep
3752,baby-reads
3753,baby-related
3754,baby-s-books
3755,baby-sitters-club
3756,baby-sleep
3757,baby-storytime
3758,baby-stuff
3759,baby-toddler
3760,baby-trade
3761,baby-wise
3762,babysitter-s-club
3763,babysitters
3764,babysitters-club
3765,babystuff
3766,babytime
3767,bach
3768,bachman
3769,back-burner
3770,back-in-the-day
3771,back-shelf
3772,back-to-school
3773,backlog
3774,backpacking
3775,backseated
3776,backstabbers-unite
3777,backwards
3778,bacterial-meningitis
3779,bad
3780,bad-ass-bikers
3781,bad-ass-girls
3782,bad-books
3783,bad-boy
3784,bad-boy-bikers
3785,bad-boy-good-girl
3786,bad-boys
3787,bad-day
3788,bad-did-not-finish
3789,bad-experience-4me
3790,bad-girls-book-club
3791,bad-girls-don-t-die
3792,bad-girls-dont-die
3793,bad-kitty
3794,bad-kitty-series
3795,bad-rep
3796,bad-theology
3797,badass-bikers
3798,badass-heroine
3799,badass-heroines
3800,badass-ladies
3801,badgers
3802,baen
3803,baen-books
3804,bahaa-taher
3805,bahamas
3806,bahasa
3807,bahasa-books
3808,bahasa-indonesia
3809,bail
3810,bailey-flanigan
3811,bailey-flanigan-series
3812,bailey-s-bookshelf
3813,bainbridge-island
3814,bake-it
3815,baker-street
3816,baking
3817,baking---pastry
3818,baking-and-cooking
3819,baking-and-treats-cookbooks
3820,baking-andrew-sammy
3821,baking-books
3822,baking-bread
3823,baking-cooking
3824,baking-desserts
3825,baking-pastry
3826,baking-vegan
3827,bakuman
3828,balance-career-amp-motherhood
3829,baldacci
3830,baldacci-a-shaw
3831,baldacci-amos-decker
3832,baldacci-camel-club
3833,baldacci-david
3834,baldacci-decker
3835,baldacci-john-puller
3836,baldacci-king-maxwell
3837,baldacci-puller
3838,baldacci-robie
3839,baldacci-shaw
3840,baldacci-will-robie
3841,baldwin
3842,baley
3843,balkans
3844,ball-four
3845,ballard
3846,ballet
3847,ballet-dancers
3848,balletgirl
3849,balloons
3850,baltimore
3851,balzac
3852,bambi
3853,banana-yoshimoto
3854,band
3855,band-of-brothers
3856,banda-desenhada
3857,bande-dessin-e
3858,bande-dessinee
3859,bande-dessinée
3860,bandes-dessinees
3861,bandes-dessinées
3862,bandini
3863,bands
3864,bane
3865,bane-chronicles
3866,bang
3867,bangalore
3868,banging-book-club
3869,bangla
3870,bangladesh
3871,bank
3872,bank-bailout
3873,bank-foreclosures
3874,bank-robbers
3875,bank-robbery
3876,bank-system
3877,banking
3878,bankruptcy
3879,banks
3880,banks-iain-m
3881,banks-maya
3882,banksy
3883,banned
3884,banned-book
3885,banned-books
3886,banned-challenged
3887,banned-challenged-books
3888,banned-or-challenged
3889,banshee
3890,banshees
3891,bansky
3892,bantam-war-books
3893,banter
3894,baptist
3895,bar-code
3896,bar-codes
3897,barack
3898,barack-obama
3899,barbados
3900,barbara
3901,barbara-claypole-white
3902,barbara-cooney
3903,barbara-delinsky
3904,barbara-delinsky-books
3905,barbara-havers
3906,barbara-kingsolver
3907,barbara-park
3908,barbara-shook-hazen
3909,barbara-taylor-bradford
3910,barbecue
3911,barcelona
3912,barclay
3913,barclay-linwood
3914,bard
3915,bardolatry
3916,bards
3917,bared-to-you
3918,barefoot-contessa
3919,barefoot-running
3920,baricco
3921,baricco-alessandro
3922,barker
3923,barker-clive
3924,barn-0-6
3925,barn-wedding
3926,barnaby
3927,barnebøker
3928,barnes
3929,barnes-and-noble
3930,barnes-and-noble-classics
3931,barnes-and-noble-leatherbound-class
3932,barnes-noble
3933,barnes-noble-classics
3934,barnes-noble-classics-series
3935,barnes-noble-collectible-editions
3936,barnes-noble-discover-1990-2017
3937,barnes-noble-leatherbound-classic
3938,baroque
3939,baroque-cycle
3940,barr
3941,barr-nevada
3942,barrayar
3943,barrea-bookshelf
3944,barry-lyga
3945,bars
3946,barsoom
3947,barsoom-series
3948,bart-d-ehrman
3949,barthelme-list
3950,barthelme-syllabus
3951,barthes
3952,bartimaeus
3953,bartimaeus-trilogy
3954,bas-lag
3955,base
3956,baseball
3957,baseball-as-a-metaphor-for-life
3958,baseball-books
3959,baseball-cards
3960,baseball-fiction
3961,baseball-history
3962,baseball-to-read
3963,based-on-a-true-story
3964,based-on-historical-figure
3965,based-on-real-incident
3966,based-on-true-character
3967,based-on-true-story
3968,based-on-true-story-of-mary-anning
3969,based-on-tv
3970,basement
3971,basement-1-3
3972,bash
3973,basic-drawings
3974,basket
3975,basketball
3976,basketball-books
3977,basketball-to-read
3978,basque
3979,bat
3980,bat-books
3981,bat-family
3982,bataille
3983,batbooks
3984,batchelder
3985,bath-maids
3986,bath-time
3987,batman
3988,batman-and-robin
3989,batman-bruce-wayne
3990,batman-chronicles
3991,batman-collection
3992,batman-comics
3993,batman-family
3994,batman-graphic-novels
3995,batman-new-52
3996,batman-solo
3997,batman-to-read
3998,baton-rouge
3999,bats
4000,battle
4001,battle-of-gettysburg
4002,battle-of-the-books
4003,battle-of-the-bulge
4004,battlefield-of-the-mind
4005,battles
4006,batwoman
4007,baudelaire
4008,baum
4009,bavaria
4010,baxter-family
4011,bay-area
4012,bay-of-pigs
4013,bayern
4014,bayonne-inter-library-loan-reques
4015,bb
4016,bbc
4017,bbc-100
4018,bbc-100-books
4019,bbc-100-books-list
4020,bbc-200
4021,bbc-big-read
4022,bbc-big-read-100
4023,bbc-big-read-200
4024,bbc-big-read-top-100
4025,bbc-book-challenge
4026,bbc-book-list
4027,bbc-book-list-challenge
4028,bbc-bookclub
4029,bbc-booklist
4030,bbc-challenge
4031,bbc-list
4032,bbc-must-reads
4033,bbc-s-big-read
4034,bbc-the-big-read
4035,bbc-the-big-read-top-100
4036,bbc-to-read
4037,bbc-top-100
4038,bbc-top-100-book-list
4039,bbc-top-200
4040,bbc100
4041,bbw
4042,bbw-may
4043,bc
4044,bd
4045,bd-comic-manga
4046,bd-comics
4047,bd-et-comics
4048,bd-graphic-novels
4049,bd-manga
4050,bd-tintin
4051,bd-à-lire
4052,bdb
4053,bdb-series
4054,bds
4055,bdsm
4056,bdsm-erotica
4057,bdsm-kink
4058,bdsm-romance
4059,be-better
4060,be-the-writer-you-love
4061,be-yourself
4062,bea
4063,bea-2012
4064,bea-2013
4065,bea-2014
4066,bea-2015
4067,bea-2016
4068,beach
4069,beach-book
4070,beach-books
4071,beach-books-to-read
4072,beach-life
4073,beach-ocean
4074,beach-read
4075,beach-reading
4076,beach-reads
4077,beaches
4078,beachreads
4079,beachy
4080,beachy-reads
4081,bean
4082,bean-sidhe
4083,bear
4084,bear-s-vtreadingchallenge
4085,bearenstain-bears
4086,bears
4087,beast-master
4088,beat
4089,beat-books
4090,beat-generation
4091,beat-lit
4092,beat-literature
4093,beat-poets
4094,beatle
4095,beatlemania
4096,beatles
4097,beatles-books
4098,beatnik
4099,beatniks
4100,beaton
4101,beaton-m-c
4102,beatrix-potter
4103,beatriz-williams
4104,beats
4105,beats-and-hippies
4106,beauchamp-family
4107,beautiful
4108,beautiful-bastard
4109,beautiful-bastard-series
4110,beautiful-books
4111,beautiful-cover
4112,beautiful-covers
4113,beautiful-creatures
4114,beautiful-creatures-series
4115,beautiful-disaster
4116,beautiful-illustrations
4117,beautiful-photography
4118,beautiful-pictures
4119,beautiful-prose
4120,beautiful-series
4121,beautiful-writing
4122,beautiful-writing-style
4123,beautifully-broken
4124,beautifully-covered
4125,beauty
4126,beauty-and-the-beast
4127,beauty-and-the-beast-retellings
4128,beauty-pop
4129,beauty-series
4130,beaux
4131,beaux-livre-art
4132,became-movie
4133,because-2
4134,because-i-liked-something-else
4135,because-of-mr-terupt
4136,becca-fitzpatrick
4137,becca-s
4138,beck
4139,beck-glenn
4140,beckett
4141,becoming-how-to
4142,bed-and-breakfast
4143,bed-time
4144,bedroom
4145,bedroom-5-4
4146,bedroom-bookcase
4147,bedroom-shelves
4148,bedrooms
4149,bedtime
4150,bedtime-books
4151,bedtime-stories
4152,bedtime-story
4153,bee-books
4154,bee-hive
4155,bee-shelf
4156,beer
4157,bees
4158,before
4159,before-1700
4160,before-1982
4161,before-1990
4162,before-2006
4163,before-2008
4164,before-2008-book-list
4165,before-2009
4166,before-2010
4167,before-2011-books
4168,before-2012
4169,before-2013
4170,before-2014
4171,before-2015
4172,before-2017
4173,before-30
4174,before-6th-grade
4175,before-college
4176,before-five-in-a-row
4177,before-goodreads
4178,before-gr
4179,before-i-go
4180,before-mid-2016
4181,before-the-movie
4182,before-they-were-left-behind
4183,befuddling-puzzling-at-times
4184,began-never-finished
4185,beginner
4186,beginner-books
4187,beginner-reader
4188,beginner-readers
4189,beginning-books
4190,beginning-chapter-books
4191,beginning-of-school
4192,beginning-of-school-books
4193,beginning-of-the-weather-bureau
4194,beginning-of-the-year
4195,beginning-reader
4196,beginning-readers
4197,behavior
4198,behavior-problems
4199,behavioral
4200,behavioral-economics
4201,behavioral-psychology
4202,behavioral-science
4203,behavioral-sciences
4204,behaviour
4205,behavioural
4206,behavioural-economics
4207,behavioural-psychology
4208,behavioural-science
4209,behind
4210,behind-the-glamour
4211,behind-the-scenes
4212,behringers-library
4213,being-a-parent
4214,being-and-time
4215,being-different
4216,being-for-the-benefit
4217,being-of-sound-mind-and-body
4218,being-yourself
4219,beka-cooper
4220,beletrie
4221,beletristica
4222,beletrystyka
4223,belgariad
4224,belgariad-mallorean
4225,belgarion
4226,belgian
4227,belgian-congo
4228,belgian-literature
4229,belgique
4230,belgium
4231,belief
4232,bell
4233,bell-harbor
4234,bella
4235,bella-andre
4236,bella-forest
4237,bella-forrest
4238,bella-s-audio
4239,bellas-artes
4240,belle-andre
4241,belle-aurora
4242,belles-lettres-read
4243,belletristik
4244,bellow
4245,bellwether-prize
4246,belly-bombs
4247,belo
4248,beloved
4249,beloved-books
4250,beloved-by-me
4251,belva-plain
4252,bemachtigen
4253,ben
4254,ben-aaronovitch
4255,ben-carson
4256,ben-franklin
4257,ben-macintyre
4258,ben-mezrich
4259,ben-mikaelsen
4260,ben-nolan-s-books
4261,ben-peller
4262,ben-s-books
4263,ben-sherwood
4264,bendis
4265,benedict-jacka
4266,benedict-society
4267,benelux
4268,bengali
4269,benghazi
4270,benin
4271,benjamin
4272,benjamin-franklin
4273,benjamin-hoff
4274,bennett
4275,bennett-family-in-hiding
4276,benny-imura
4277,bentang
4278,bentang-pustaka
4279,benton-frank
4280,benton-frank-dorothea
4281,beowulf
4282,bereavement
4283,berendt
4284,berenson
4285,berenson-alex
4286,berenstain
4287,berenstain-bears
4288,berenstain-books
4289,berg
4290,berg-elizabeth
4291,berkeley
4292,berkshire
4293,berkshires
4294,berlin
4295,berlin-1943
4296,bernard
4297,bernard-cornwell
4298,bernhard-schlink
4299,berries
4300,berry
4301,berry-steve
4302,berserk
4303,berserker
4304,bertie
4305,bertrand-russell
4306,beryl-markham
4307,best
4308,best-200
4309,best-adult-female-friendship-books
4310,best-audio-epic-fantasy
4311,best-board-books
4312,best-book-boyfriends
4313,best-book-ever
4314,best-book-i-read-in-2012
4315,best-book-you-read-bc-of-teacher
4316,best-books
4317,best-books-ever
4318,best-books-for-ever
4319,best-books-i-have-ever-read
4320,best-books-of-2014
4321,best-books-of-2015
4322,best-business-books
4323,best-characters
4324,best-children-s-books
4325,best-christian-fiction
4326,best-comics
4327,best-cookbooks
4328,best-cookbooks-for-beginners
4329,best-covers
4330,best-e-books-winners
4331,best-elementary-reluctants
4332,best-ever
4333,best-fantasy
4334,best-fantasy-books
4335,best-fantasy-series
4336,best-fiction
4337,best-for-me
4338,best-friends
4339,best-friends-brother
4340,best-grovel-scene
4341,best-heroine-ever
4342,best-history
4343,best-horror
4344,best-kept-secret
4345,best-liked-before-favorites
4346,best-mental-trip
4347,best-middle-reluctants
4348,best-mind-fuck
4349,best-non-fiction
4350,best-of-2009
4351,best-of-2010
4352,best-of-2011
4353,best-of-2012
4354,best-of-2013
4355,best-of-2014
4356,best-of-2015
4357,best-of-2016
4358,best-of-2017
4359,best-of-best
4360,best-of-childhood
4361,best-of-the-best
4362,best-picture-books
4363,best-plays
4364,best-poets
4365,best-practices
4366,best-psychology
4367,best-reading
4368,best-reads
4369,best-reads-2016
4370,best-reluctant-readers
4371,best-sci-fi
4372,best-seller
4373,best-sellers
4374,best-series
4375,best-series-ever
4376,best-short-stories
4377,bester
4378,bestfriends
4379,bestiaries
4380,bestsellers
4381,bestsellers-recent
4382,beta-hero
4383,beth-fantaskey
4384,beth-harbison
4385,beth-moore
4386,beth-perry
4387,beth-revis
4388,betrayal
4389,betsy
4390,betsy-tacy
4391,betsy-taylor
4392,bette-greene
4393,better-as-a-child
4394,better-homes-and-gardens
4395,better-myself
4396,better-than-sopranos
4397,better-than-twilight
4398,betterment
4399,betty-crocker
4400,betty-mahmoody
4401,betty-white
4402,between-sisters
4403,between-the-lines
4404,between-the-numbers
4405,between-the-wars
4406,between-two-books
4407,bevelstoke
4408,bevelstoke-series
4409,beverages
4410,beverley-lewis
4411,beverly-cleary
4412,beverly-lewis
4413,beyond
4414,beyond-amazing
4415,beyond-that-and-more
4416,beyonders
4417,beyonders-series
4418,bezos
4419,bf-hpb
4420,bfgw
4421,bfiar
4422,bhagat
4423,bhutan
4424,biafra
4425,bib
4426,bibel
4427,bible
4428,bible-books
4429,bible-characters
4430,bible-commentary
4431,bible-commentary-study
4432,bible-fiction
4433,bible-studies
4434,bible-study
4435,bible-study-christian-books
4436,bible-study-devo
4437,bible-study-faith-devotional
4438,bible-studys-etc
4439,bible-theology
4440,bible-translations
4441,bibles
4442,bibles-adult
4443,biblical
4444,biblical-characters
4445,biblical-counseling
4446,biblical-criticism
4447,biblical-fiction
4448,biblical-historical-fiction
4449,biblical-novels
4450,biblical-prophecy
4451,biblical-scholarship
4452,biblical-spirituality
4453,biblical-studies
4454,biblical-theology
4455,biblical-womanhood
4456,biblio
4457,biblio-adevarul-verde
4458,bibliology
4459,bibliophiles
4460,bibliophilia
4461,biblioteca
4462,biblioteca-cruz
4463,biblioteca-elena
4464,biblioteca-pessoal
4465,biblioteca-tolkien
4466,biblioteca_personal
4467,biblioteczka
4468,bibliotek
4469,biblioteka
4470,bibliotheca
4471,bibliotheca-mea
4472,bibliothecaris
4473,bibliothek
4474,bibliotherapy
4475,bibliothèque
4476,bicycle
4477,bicycles
4478,bicycling
4479,big
4480,big-bang
4481,big-books
4482,big-canoe
4483,big-cats
4484,big-data
4485,big-dumb-object
4486,big-families
4487,big-fat-books
4488,big-history
4489,big-house
4490,big-ideas
4491,big-nate
4492,big-nate-books
4493,big-nate-on-a-roll
4494,big-nate-series
4495,big-nate-strikes-again
4496,big-read
4497,big-stone-gap
4498,big-stone-gap-series
4499,big_read_uk_2003
4500,bigamy
4501,bigbook2017
4502,bigfoot
4503,biker
4504,biker-books
4505,biker-boys
4506,biker-mc
4507,biker-romance
4508,bikers
4509,bikers-mc
4510,bikes
4511,biking
4512,bildbände
4513,bildungromane
4514,bildungsroman
4515,bildungsromane
4516,bildungsromans
4517,bilim
4518,bilim-kurgu
4519,bilimkurgu-science-fiction
4520,bilingual
4521,bill
4522,bill-bryson
4523,bill-clinton
4524,bill-gates
4525,bill-gates-list
4526,bill-gates-reading-list
4527,bill-gates-recommended
4528,bill-hodges
4529,bill-hodges-trilogy
4530,bill-martin
4531,bill-martin-jr
4532,bill-o-reilly
4533,bill-o-reilly-martin-dugard
4534,bill-oreilly
4535,bill-russell
4536,bill-simmons
4537,bill-watterson
4538,bill-willingham
4539,billgates
4540,billie
4541,billie-letts
4542,billionaire
4543,billionaire-bachelors
4544,billionaire-gazillionare
4545,billionaire-romance
4546,billionaires
4547,billionaires-obsession
4548,billy
4549,billy-beane
4550,billy-collins
4551,billy-crystal
4552,billy-s
4553,biloxi
4554,bimini
4555,bin-laden
4556,binchy
4557,binchy--maeve
4558,binchy-maeve
4559,binge
4560,bingo-2017
4561,bio
4562,bio-and-memoir
4563,bio-artist-male
4564,bio-auto-bio
4565,bio-autobio
4566,bio-autobio-memoir
4567,bio-autobiography
4568,bio-memoir
4569,bio-memoirs
4570,bio-s
4571,bio-terrorism
4572,bio-writers-male
4573,bio004000
4574,bio015000
4575,bioengineering
4576,bioethics
4577,biografi
4578,biografia
4579,biografias
4580,biografie
4581,biografien
4582,biografier
4583,biografies
4584,biografía
4585,biografías
4586,biographic
4587,biographical
4588,biographical-fiction
4589,biographical-memoir
4590,biographical-novel
4591,biographical-picture-book
4592,biographie
4593,biographien
4594,biographies
4595,biographies-and-autobiographies
4596,biographies-and-memoirs
4597,biographies-autobiographies
4598,biographies-autobiographies-memoirs
4599,biographies-i-want-to-read
4600,biographies-memoirs
4601,biographies-memoirs‎
4602,biographies-of-men
4603,biographies-of-women
4604,biographies-to-read
4605,biography
4606,biography-and-autobiography
4607,biography-and-memoir
4608,biography-auto-biography
4609,biography-autobio
4610,biography-autobiographies
4611,biography-autobiography
4612,biography-autobiography-memoir
4613,biography-diary-essay
4614,biography-history
4615,biography-memoir
4616,biography-memoir-autobiography
4617,biography-memoirs
4618,biography-memories
4619,biography-music
4620,biography-or-memoir
4621,biography-to-read
4622,biography-women
4623,biographyandmemoir
4624,biographys
4625,biográficos
4626,biologia
4627,biological
4628,biological-terrorism
4629,biological-warfare
4630,biologists
4631,biology
4632,biology-evolution
4633,biopunk
4634,bios
4635,bios-and-history
4636,bios-and-memoirs
4637,bios-memoirs
4638,bios-to-read
4639,biotech
4640,biotechnology
4641,bipasha
4642,bipolar
4643,bipolar-disorder
4644,biracial
4645,biracial-issues
4646,bird-kids
4647,birds
4648,birds-of-a-feather-2
4649,birmingham
4650,birth
4651,birth-and-parenting
4652,birth-books
4653,birth-defects
4654,birth-parenting
4655,birthday
4656,birthdays
4657,birthing
4658,birthmarked
4659,birthmarked-series
4660,bisco-hatori
4661,bisexual
4662,bisexuality
4663,bishop
4664,bishop-anne
4665,bit-lit
4666,bitch
4667,bitches
4668,bittersweet
4669,bittman
4670,biz
4671,biz-books
4672,biz-econ-tycoons
4673,biz-to-read
4674,bizarre
4675,bizarro
4676,bizzare
4677,bizzaro
4678,bk-wk-bp2
4679,bl
4680,black
4681,black-america
4682,black-american-lit
4683,black-and-white-photography
4684,black-author
4685,black-authors
4686,black-authors-subjects
4687,black-bird
4688,black-books
4689,black-boy
4690,black-butler
4691,black-cat
4692,black-chick-lit
4693,black-comedy
4694,black-company
4695,black-dagger
4696,black-dagger-brotherhood
4697,black-dagger-brotherhood-series
4698,black-dagger-legacy
4699,black-death
4700,black-diamond
4701,black-experience
4702,black-falcon
4703,black-falcon-series
4704,black-feminism
4705,black-fiction
4706,black-fire
4707,black-hills
4708,black-history
4709,black-history-month
4710,black-history-read
4711,black-humor
4712,black-jewels
4713,black-jewels-series
4714,black-jewels-trilogy
4715,black-liberation
4716,black-library
4717,black-list
4718,black-lit
4719,black-literature
4720,black-lives
4721,black-lives-matter
4722,black-love
4723,black-lung-disease
4724,black-magician
4725,black-males
4726,black-mc
4727,black-migration-from-the-south
4728,black-ops
4729,black-ops-woman-team-cia-sean-case
4730,black-panther-party
4731,black-panthers
4732,black-power
4733,black-romance
4734,black-shayla
4735,black-spines
4736,black-stallion
4737,black-studies
4738,black-urban-fiction
4739,black-white-relationships
4740,blackdagger-brotherhood
4741,blackjack
4742,blackmail
4743,blackness
4744,blacks
4745,blacksmithing
4746,blackstock
4747,blackstock-terri
4748,blackstock_terri
4749,blackstone-affair
4750,blackwell-philosophy
4751,blake
4752,blake-crouch
4753,blakes-reads
4754,blast-from-the-past
4755,bleach
4756,bleach-manga
4757,bleachers
4758,blech
4759,blended-family
4760,blessed-read
4761,blind
4762,blind-cats
4763,blind-date
4764,blind-side
4765,blindness
4766,blinked
4767,blinkist
4768,bliss
4769,blitz
4770,blizzard
4771,blm
4772,block
4773,blog
4774,blogbook
4775,blogged
4776,bloggers
4777,blogging
4778,blogging-for-books
4779,blogs
4780,blood-of-eden
4781,blood-rites
4782,blood-transfusion
4783,bloodbath
4784,bloodletting
4785,bloodline
4786,bloodlines
4787,bloodlines-series
4788,bloody-jack
4789,blooms-western-canon
4790,bloomsbury
4791,blossom-street
4792,blossom-street-series
4793,blu
4794,blue
4795,blue-ant
4796,blue-balliett
4797,blue-blood
4798,blue-blood-series
4799,blue-bloods
4800,blue-bloods-series
4801,blue-exorcist
4802,blue-golden-books
4803,blue-heron
4804,blue-heron-series
4805,blue-is-for-nightmares
4806,blue-is-for-nightmares-series
4807,blue-ridge-mountains
4808,blue-star
4809,blueberries
4810,bluebonnet
4811,blues
4812,bluestem
4813,bluestem-2012
4814,bluestem-2013
4815,bluestem-2014
4816,bluestem-2015
4817,bluestem-2016
4818,bluestem-2017
4819,bluestem-2018
4820,bluestocking
4821,blume
4822,blume-judy
4823,blyton
4824,bn-classics
4825,bn-collectible-editions
4826,bn-ebooks
4827,board
4828,board-book
4829,board-books
4830,board-games
4831,boardbook
4832,boardbooks
4833,boarding
4834,boarding-school
4835,boarding-schools
4836,boat
4837,boating
4838,boats
4839,bob
4840,bob-dylan
4841,bob-lee-swagger
4842,bob-lee-swagger-series
4843,bob-mayer
4844,bob-ong
4845,bob-ong-1
4846,bob-ong-books
4847,bob-ong-collection
4848,bob-ong-s
4849,bob-ongs
4850,bob-s-reads
4851,bob-woodward
4852,bobby-dodge
4853,bobby-dodge-series
4854,bobby-lee-swagger
4855,bobong
4856,bodice-ripper
4857,bodice-rippers
4858,bodies
4859,body
4860,body-emotion
4861,body-finder
4862,body-image
4863,body-language
4864,body-mind-spirit
4865,body-movers
4866,body-movers-series
4867,body-parts
4868,body-psych
4869,boeiend
4870,boekenbingo-2016
4871,boekenclub
4872,boekenkast
4873,boer-war
4874,bog-bodies
4875,bohemia
4876,bohjalian
4877,bohjalian-chris
4878,bohumil-hrabal
4879,bojo-library
4880,bokklubben-world-library
4881,bokmål
4882,bolano
4883,bolaño
4884,boleyn
4885,bolitar
4886,bolivia
4887,bolivians
4888,bomb
4889,bombay
4890,bombeck
4891,bombeck-erma
4892,bombers
4893,bombing
4894,bombings
4895,bond
4896,bond-james-bond
4897,bond-larry
4898,bond-markets
4899,bond-stephanie
4900,bondage
4901,bone
4902,bone-books
4903,bone-marrow-transplant
4904,bone-secrets
4905,bone-series
4906,bone-siris
4907,bone-tall-tales
4908,bones
4909,bones-books
4910,bones-series
4911,bonhoeffer
4912,bonobos
4913,boo
4914,boobie
4915,book
4916,book-1
4917,book-10
4918,book-11
4919,book-12
4920,book-13
4921,book-17
4922,book-18
4923,book-2
4924,book-2-in-the-walk-series-richard-p
4925,book-22
4926,book-3
4927,book-4
4928,book-46
4929,book-49
4930,book-5
4931,book-5-of-new-orleans-series
4932,book-6
4933,book-6-in-the-series
4934,book-7
4935,book-8
4936,book-9
4937,book-about-books
4938,book-and-movie
4939,book-arts-workshop
4940,book-award
4941,book-awards
4942,book-boyfriend
4943,book-boyfriend-husband
4944,book-boyfriends
4945,book-burning
4946,book-came-before-the-movie
4947,book-challenge
4948,book-clean-up-shelves
4949,book-club
4950,book-club-1
4951,book-club-2
4952,book-club-2012-2013
4953,book-club-2013
4954,book-club-2014
4955,book-club-2015
4956,book-club-2016
4957,book-club-2017
4958,book-club-book
4959,book-club-books
4960,book-club-choices
4961,book-club-ideas
4962,book-club-international
4963,book-club-options
4964,book-club-pick
4965,book-club-picks
4966,book-club-possibilities
4967,book-club-read
4968,book-club-reads
4969,book-club-recommendations
4970,book-club-selection
4971,book-club-selections
4972,book-club-suggestions
4973,book-club-that-shall-not-be-named
4974,book-club-to-read
4975,book-clubs
4976,book-collection
4977,book-dates
4978,book-discussion
4979,book-fair-2013
4980,book-fair-2015
4981,book-fair-2017
4982,book-finished
4983,book-gals
4984,book-gang
4985,book-group
4986,book-group-books
4987,book-group-reads
4988,book-groups
4989,book-hangover
4990,book-i-have-in-library
4991,book-i-own
4992,book-in-verse
4993,book-into-movie
4994,book-inventory
4995,book-jawn-podcast
4996,book-list-challenge
4997,book-lovers-calendar
4998,book-lust
4999,book-lust-to-go
